Key;Type;Desc;English;Vietnamese [vi]
Audio/AmbienceVolume;Text;;Ambience Volume;Âm lượng môi trường
Audio/MasterVolume;Text;;Master Volume;Âm lượng tổng
Audio/MusicRate/1;Text;;None;Không
Audio/MusicRate/2;Text;;Short;Ngắn
Audio/MusicRate/3;Text;;Medium;Vừa
Audio/MusicRate/4;Text;;Long;Dài
Audio/MusicRate/5;Text;;Max;Hết cỡ
Audio/MusicRate/Title;Text;;Time between music tracks;Thời gian giữa các bản nhạc
Audio/MusicVolume;Text;;Music Volume;Âm lượng nhạc nền
Audio/NotebookVolume;Text;;Notebook Volume;Âm lượng sổ tay
Audio/SFXVolume;Text;;SFX Volume;Âm lượng hiệu ứng
Audio/UIVolume;Text;;UI Volume;Âm lượng giao diện
Battery/Empty;Text;;Battery empty;Không có Pin
Battery/Required;Text;;Battery required;Cần có Pin
Blcok/Shelf_Wood;Text;;Wooden shelf@;Kệ gỗ@
Block/Anchor_Stationary;Text;;Stationary anchor@Lets you anchor your raft.;Neo cố định@Cho phép bạn neo bè lại.
Block/Anchor_Stationary_Advanced;Text;;Advanced stationary anchor@Works remotely with the engine controls.;Neo cố định nâng cao@Hoạt động từ xa cùng bảng điều khiển động cơ.
Block/Anchor_Stationary_Remote;Text;;Remote stationary anchor@Works remotely with the engine controls.;Neo cố định điều khiển từ xa@Hoạt động từ xa cùng bảng điều khiển động cơ.
Block/Anchor_Throwable;Text;;Throwable anchor@Lets you anchor your raft. Can only be used once.;Neo ném@Cho phép bạn neo bè lại. Chỉ dùng được một lần.
Block/Antenna;Text;;Antenna@Used along with the receiver.;Ăng-ten@Dùng cùng với bộ thu.
Block/Bathtub;Text;;Wooden bathtub@A no splinter guarantee!;Bồn tắm gỗ@Đảm bảo không dằm gỗ!
Block/BatteryCharger;Text;;Battery charger@Can be connected with fuel pipes!;Bộ sạc pin@Có thể kết nối với ống dẫn nhiên liệu!
Block/Bed;Text;;Bed@Lets you sleep through the night and can be used to revive incapacitated friends. Respawning in a bed provides you with even more health than a simple bed.;Giường@Cho phép bạn ngủ qua đêm và hồi sinh bạn bè bị ngất. Hồi sinh trên giường này cho nhiều máu hơn giường đơn giản.
Block/Bed_Hammock;Text;;Hammock@Lets you sleep through the night and can be used to revive incapacitated friends. Respawning in a hammock provides you with even more health than a simple bed.;Võng@Cho phép bạn ngủ qua đêm và hồi sinh bạn bè bị ngất. Hồi sinh trên võng cho nhiều máu hơn giường đơn giản.
Block/Bed_Simple;Text;;Simple bed@Lets you sleep through the night and can be used to revive incapacitated friends. Respawning in a bed also provides you with more health.;Giường đơn giản@Cho phép bạn ngủ qua đêm và hồi sinh bạn bè bị ngất. Hồi sinh trên giường cũng cho thêm máu.
Block/Beehive;Text;;Beehive@If you care for the bees they will yield you honeycombs.;Tổ ong@Nếu bạn chăm sóc ong, chúng sẽ cho bạn sáp ong.
Block/BiofuelExtractor;Text;;Biofuel refiner@Mixes raw food and honey to create biofuel.;Máy lọc nhiên liệu sinh học@Trộn thực phẩm thô và mật ong để tạo nhiên liệu sinh học.
Block/BiofuelExtractor_Advanced;Text;;Advanced biofuel refiner@Mixes raw food and honey to create biofuel.;Máy lọc nhiên liệu sinh học nâng cao@Trộn thực phẩm thô và mật ong để tạo nhiên liệu sinh học.
Block/BirdsNest;Text;;Birds nest@A place for seagulls to rest. Be sure to keep your distance as birds are easily scared.;Tổ chim@Nơi để hải âu nghỉ ngơi. Hãy giữ khoảng cách vì chim rất dễ sợ hãi.
Block/BlanketBasket;Text;;Blanket basket@Perfect when if it gets a bit chilly.;Giỏ chăn@Hoàn hảo khi trời se lạnh.
Block/Bookpile;Text;;Bookpile@A pile of old books.;Chồng sách@Một chồng sách cũ.
Block/Brick_Wet;Text;;Wet brick@Can be placed on your raft to dry.;Gạch ướt@Có thể đặt trên bè để phơi khô.
Block/CandleBottle;Text;;Candle Bottle@Not a very bright light, but a pretty one.;Chai nến@Ánh sáng không rực rỡ lắm, nhưng khá đẹp.
Block/Candlestick;Text;;Candlestick@For a candle lit dinner.;Chân nến@Cho bữa tối bên ánh nến.
Block/Chair;Text;;Chair@Nice for sitting. Goes well with a table.;Ghế@Rất hợp để ngồi. Đi kèm bàn thì càng hợp.
Block/Clock;Text;;Clock@Shows the time.;Đồng hồ@Hiển thị thời gian.
Block/CollectionNet;Text;;Advanced collection net@Automatically catches items that float into it. Can contain more items than a simple collection net.;Lưới thu gom nâng cao@Tự động bắt các vật phẩm trôi vào. Chứa được nhiều hơn lưới thu gom đơn giản.
Block/CollectionNet_Simple;Text;;Simple collection net@Automatically catches items that float into it.;Lưới thu gom đơn giản@Tự động bắt các vật phẩm trôi vào.
Block/CookingPot;Text;;Cookingpot@Combines base food into amazing meals.;Nồi nấu ăn@Kết hợp thực phẩm cơ bản thành món ăn tuyệt vời.
Block/CookingStand_Food_Electric;Text;;Electric grill@Can cook a lot of food at once. Uses battery as fuel.;Lò nướng điện@Nấu được nhiều thức ăn cùng lúc. Dùng pin làm nhiên liệu.
Block/CookingStand_Food_One;Text;;Simple grill@Can cook a piece of food. Uses planks as fuel.;Lò nướng đơn giản@Nấu được một phần thức ăn. Dùng ván gỗ làm nhiên liệu.
Block/CookingStand_Food_Two;Text;;Advanced grill@Can cook several pieces of food at once. Uses planks as fuel.;Lò nướng nâng cao@Nấu được nhiều phần thức ăn cùng lúc. Dùng ván gỗ làm nhiên liệu.
Block/CookingStand_Purifier_One;Text;;Simple purifier@Can purify one cup of saltwater into freshwater. Uses planks as fuel.;Máy lọc nước đơn giản@Lọc được một cốc nước mặn thành nước ngọt. Dùng ván gỗ làm nhiên liệu.
Block/CookingStand_Purifier_Two;Text;;Advanced purifier@Can purify several cups of water at once. Does not require fuel.;Máy lọc nước nâng cao@Lọc được nhiều cốc nước cùng lúc. Không cần nhiên liệu.
Block/CookingStand_Smelter;Text;;Smelter@Can smelt metal ore, sand and seaweed.;Lò nung@Nung được quặng kim loại, cát và rong biển.
Block/CookingStand_Smelter_Electric;Text;;Electric Smelter@Can smelt metal ore, sand and seaweed. With electricity!;Lò nung điện@Nung được quặng kim loại, cát và rong biển. Bằng điện!
Block/Cropplot_Grass;Text;;Grass plot@Add water, get grass, feed animals.;Luống cỏ@Thêm nước, có cỏ, cho vật nuôi ăn.
Block/Cropplot_Large;Text;;Large crop plot@Lets you grow trees.;Luống trồng lớn@Cho phép bạn trồng cây.
Block/Cropplot_Large_Tier3;Text;;Advanced large crop plot@A fancier plot that lets you grow trees.;Luống trồng lớn nâng cao@Một luống trồng đẹp hơn cho phép trồng cây.
Block/Cropplot_Medium;Text;;Medium crop plot@Lets you grow bigger plants.;Luống trồng vừa@Cho phép bạn trồng cây to hơn.
Block/Cropplot_Medium_Tier3;Text;; Advanced medium crop plot@A fancier plot that lets you grow more bigger plants.;Luống trồng vừa nâng cao@Một luống trồng đẹp hơn cho phép trồng nhiều cây to hơn.
Block/Cropplot_Shoe;Text;;Old shoe@Maybe you could plant something in this...;Giày cũ@Có thể bạn nên trồng gì đó vào đây...
Block/Cropplot_Small;Text;;Small crop plot@Lets you grow plants.;Luống trồng nhỏ@Cho phép bạn trồng cây.
Block/Cropplot_Small_Tier3;Text;;Advanced small crop plot@A fancier plot that lets you grow more plants.;Luống trồng nhỏ nâng cao@Một luống trồng đẹp hơn cho phép trồng nhiều cây hơn.
Block/Cupboard;Text;;Cupboard@A decorative piece with minor storage.;Tủ đựng đồ@Một món trang trí với khả năng lưu trữ nhỏ.
Block/Curtain;Text;;Curtain@Keeps the monsters from coming in.;Rèm cửa@Ngăn quái vật đi vào.
Block/Cutlery;Text;;Cutlery@Where is the spoon?;Dao muỗng nĩa@Cái muỗng đâu rồi?
Block/DetailPlank;Text;;Detail plank@Adds details to your raft design.;Ván trang trí@Thêm chi tiết cho thiết kế bè của bạn.
Block/Door_Thatch;Text;;Thatch door@Provides support for additional floors.;Cửa rơm@Hỗ trợ xây thêm tầng.
Block/Door_Tier3;Text;;Solid wooden door@Provides support for additional floors.;Cửa gỗ chắc chắn@Hỗ trợ xây thêm tầng.
Block/Door_Wood;Text;;Wooden door@Provides support for additional floors.;Cửa gỗ@Hỗ trợ xây thêm tầng.
Block/DrawBridgeLong;Text;;Long draw bridge@Connects two parts of your raft.;Cầu kéo dài@Kết nối hai phần của bè.
Block/DrawBridgeShort;Text;;Short draw bridge@Connects two parts of your raft.;Cầu kéo ngắn@Kết nối hai phần của bè.
Block/ElectricPurifier;Text;;Electric purifier@Can be connected with waterpipes!;Máy lọc nước điện@Có thể kết nối với ống dẫn nước!
Block/EngineControls;Text;;Engine controls@Allows you to control the advanced anchor and all engines from one spot.;Bảng điều khiển động cơ@Cho phép bạn điều khiển neo nâng cao và tất cả động cơ từ một vị trí.
Block/Fence_Plank;Text;;Plank fence@Keeps you from falling off your raft.;Hàng rào ván@Ngăn bạn rơi khỏi bè.
Block/Fence_Rope;Text;;Rope fence@Keeps you from falling off your raft.;Hàng rào dây thừng@Ngăn bạn rơi khỏi bè.
Block/Fence_Tier3;Text;;Solid wooden fence@Keeps you from falling off your raft.;Hàng rào gỗ chắc chắn@Ngăn bạn rơi khỏi bè.
Block/Figurine_Chicken;Text;;Clucker@Spawns a clucker.;Gà cục tác@Sinh ra một con gà.
Block/Figurine_Goat;Text;;Goat@Spawns a goat.;Dê@Sinh ra một con dê.
Block/Figurine_Llama;Text;;Llama@Spawns a llama.;Lạc đà không bướu@Sinh ra một con lạc đà không bướu.
Block/FireBasket;Text;;Fire basket@Warm and cozy.;Giỏ lửa@Ấm áp và dễ chịu.
Block/Fireplace;Text;;Fireplace@Warm and cozy.;Lò sưởi@Ấm áp và dễ chịu.
Block/FirewoodRack;Text;;Firewood rack@Stores wood like nothing you have seen before.;Giá củi@Chứa gỗ nhiều hơn bạn tưởng.
Block/Firework;Text;;Firework@Can be painted when placed on the raft.;Pháo hoa@Có thể sơn khi đặt trên bè.
Block/Flag;Text;;Flag@Every raft needs at least one of these.;Lá cờ@Bè nào cũng cần ít nhất một cái.
Block/Floor_Tier3;Text;;Solid wooden floor@Used to build additional floors and roof. Cannot be built in thin air.;Sàn gỗ chắc chắn@Dùng để xây thêm tầng và mái. Không thể xây trên không.
Block/Floor_Triangular_Tier3;Text;;Triangular solid wooden floor@Used to build additional floors and roof. Cannot be built in thin air.;Sàn gỗ chắc chắn tam giác@Dùng để xây thêm tầng và mái. Không thể xây trên không.
Block/Floor_Triangular_Wood;Text;;Triangular wooden floor@Used to build additional floors and roof. Cannot be built in thin air.;Sàn gỗ tam giác@Dùng để xây thêm tầng và mái. Không thể xây trên không.
Block/Floor_Wood;Text;;Wooden floor@Used to build additional floors and roof. Cannot be built in thin air.;Sàn gỗ@Dùng để xây thêm tầng và mái. Không thể xây trên không.
Block/Flower_AloeVera;Text;;Aloe Vera@Green and slimy.;Nha đam@Xanh và nhớt.
Block/Flower_Cactus;Text;;Cactus@Ouch!;Xương rồng@Ui đau!
Block/Flower_Hibiscus;Text;;Hibiscus@The flowers are trumpet shaped.;Dâm bụt@Hoa có hình loa kèn.
Block/Flower_Monstera;Text;;Monstera@Big and beautiful.;Trầu bà@To và đẹp.
Block/Flower_Rose;Text;;Rose@Smells amazing.;Hoa hồng@Thơm tuyệt vời.
Block/Flower_Sunflower;Text;;Sunflower@Yellow, like a sun.;Hoa hướng dương@Vàng, như mặt trời.
Block/FoundationArmor;Text;;Foundation armor@Provides extra protection for your foundation.;Giáp nền tảng@Bảo vệ thêm cho nền bè của bạn.
Block/FoundationCounter;Text;;Foundation counter@Keeps track of your foundations, so you don't have to.;Bộ đếm nền tảng@Theo dõi số nền bè giúp bạn khỏi phải tự đếm.
Block/Foundation_Tier3;Text;;Solid foundation@Used to expand your raft on the bottom floor.;Nền tảng chắc chắn@Dùng để mở rộng bè ở tầng dưới cùng.
Block/Foundation_Triangular_Tier3;Text;;Triangular solid foundation@Used to expand your raft on the bottom floor.;Nền tảng chắc chắn tam giác@Dùng để mở rộng bè ở tầng dưới cùng.
Block/Foundation_Triangular_Wood;Text;;Triangular foundation@Used to expand your raft on the bottom floor.;Nền tảng tam giác@Dùng để mở rộng bè ở tầng dưới cùng.
Block/Foundation_Wood;Text;;Foundation@Used to expand your raft on the bottom floor.;Nền tảng@Dùng để mở rộng bè ở tầng dưới cùng.
Block/Fridge;Text;;Fridge@Can store food, and anything else.;Tủ lạnh@Có thể chứa thức ăn và mọi thứ khác.
Block/FuelTank;Text;;Fuel tank@Specially designed to store biofuel.;Bồn nhiên liệu@Được thiết kế riêng để chứa nhiên liệu sinh học.
Block/Gate_Thatch;Text;;Thatch gate@Provides support for additional floors.;Cổng rơm@Hỗ trợ xây thêm tầng.
Block/Gate_Tier3;Text;;Solid wooden gate@Provides support for additional floors.;Cổng gỗ chắc chắn@Hỗ trợ xây thêm tầng.
Block/Gate_Wood;Text;;Wooden gate@Provides support for additional floors.;Cổng gỗ@Hỗ trợ xây thêm tầng.
Block/HalfFloor_Tier3;Text;;Raised solid floor@A floor half the height of a wall.;Sàn chắc chắn nâng cao@Sàn có chiều cao bằng nửa tường.
Block/HalfFloor_Triangular_Tier3;Text;;Triangular raised solid floor@A floor half the height of a wall.;Sàn chắc chắn tam giác nâng cao@Sàn có chiều cao bằng nửa tường.
Block/HalfFloor_Triangular_Wood;Text;;Triangular raised floor@A floor half the height of a wall.;Sàn tam giác nâng cao@Sàn có chiều cao bằng nửa tường.
Block/HalfFloor_Wood;Text;;Raised floor@A floor half the height of a wall.;Sàn nâng cao@Sàn có chiều cao bằng nửa tường.
Block/HalfPillar_Tier3;Text;;Solid half wooden pillar@Provides support for additional floors.;Nửa cột gỗ chắc chắn@Hỗ trợ xây thêm tầng.
Block/HalfPillar_Wood;Text;;Half wooden pillar@Provides support for additional floors.;Nửa cột gỗ@Hỗ trợ xây thêm tầng.
Block/HalfStair_Tier3;Text;;Solid half stair@Allows you to reach half a wall height up.;Nửa cầu thang chắc chắn@Cho phép bạn lên nửa chiều cao tường.
Block/HalfStair_Wood;Text;;Half stair@Allows you to reach half a wall height up.;Nửa cầu thang@Cho phép bạn lên nửa chiều cao tường.
Block/HalfWall_Thatch;Text;;Half thatch wall@Provides support for additional floors.;Nửa tường rơm@Hỗ trợ xây thêm tầng.
Block/HalfWall_Tier3;Text;;Solid half wooden wall@Provides support for additional floors.;Nửa tường gỗ chắc chắn@Hỗ trợ xây thêm tầng.
Block/HalfWall_Wood;Text;;Half wooden wall@Provides support for additional floors.;Nửa tường gỗ@Hỗ trợ xây thêm tầng.
Block/HonkHorn1;Text;;Air horn@Makes a sound to annoy your friends.;Còi hơi@Phát ra âm thanh để trêu bạn bè.
Block/HonkHorn2;Text;;Honk horn@Makes a sound to annoy your friends.;Còi bấm@Phát ra âm thanh để trêu bạn bè.
Block/HonkHorn3;Text;;Viking horn@Makes a sound to annoy your friends.;Sừng Viking@Phát ra âm thanh để trêu bạn bè.
Block/HorizontalHalfPillar_Tier3;Text;;Horizontal solid half wooden pillar@Provides support for additional floors.;Nửa cột gỗ chắc chắn ngang@Hỗ trợ xây thêm tầng.
Block/HorizontalHalfPillar_Wood;Text;;Horizontal half wooden pillar@Provides support for additional floors.;Nửa cột gỗ ngang@Hỗ trợ xây thêm tầng.
Block/HorizontalPillar_Tier3;Text;;Horizontal solid wooden pillar@Provides support for additional floors.;Cột gỗ chắc chắn ngang@Hỗ trợ xây thêm tầng.
Block/HorizontalPillar_Wood;Text;;Horizontal wooden pillar@Provides support for additional floors.;Cột gỗ ngang@Hỗ trợ xây thêm tầng.
Block/ItemNet;Text;;Simple collection net@Automatically catches items that float into it.;Lưới thu gom đơn giản@Tự động bắt các vật phẩm trôi vào.
Block/ItemNet_Two;Text;;Advanced collection net@Automatically catches items that float into it. Can contain more items then a simlpe collection net.;Lưới thu gom nâng cao@Tự động bắt các vật phẩm trôi vào. Chứa được nhiều hơn lưới thu gom đơn giản.
Block/Juicer;Text;;Juicer@Combines base food into amazing drinks.;Máy ép trái cây@Kết hợp thực phẩm cơ bản thành đồ uống tuyệt vời.
Block/Ladder;Text;;Ladder@A good way to go up and down.;Thang@Cách tốt để lên xuống.
Block/Ladder_Half;Text;;Half ladder@A good way to go up and down.;Nửa thang@Cách tốt để lên xuống.
Block/Ladder_Tier3;Text;;Solid ladder@A good way to go up and down.;Thang chắc chắn@Cách tốt để lên xuống.
Block/Ladder_Tier3_Half;Text;;Solid half ladder@A good way to go up and down.;Nửa thang chắc chắn@Cách tốt để lên xuống.
Block/Lantern;Text;;Lantern@Lights up the dark.;Đèn lồng@Chiếu sáng bóng tối.
Block/Lantern_Metal;Text;;Metal lantern@Lights up the dark.;Đèn lồng kim loại@Chiếu sáng bóng tối.
Block/MajorTom;Text;;Major Tom@Not the best astronaut, but not the worst.;Major Tom@Không phải phi hành gia giỏi nhất, nhưng cũng không tệ nhất.
Block/MotivationalQuote;Text;;Motivational quote@Teasingly perfect...;Câu nói tạo động lực@Hoàn hảo một cách trêu ngươi...
Block/MotorWheel;Text;;Engine@Allows you to go in different directions and increases your speed.;Động cơ@Cho phép bạn di chuyển theo nhiều hướng khác nhau và tăng tốc độ.
Block/Mug;Text;;Mug@Useful for all beverages.;Cốc@Hữu ích cho mọi loại đồ uống.
Block/OpenBook;Text;;Open book@An open book for anyone to read.;Sách mở@Một cuốn sách mở để bất kỳ ai cũng đọc được.
Block/Outhouse;Text;;Outhouse@Not as smelly as one would think.;Nhà vệ sinh ngoài trời@Không nặng mùi như bạn nghĩ.
Block/PaintMill;Text;;Paint mill@Used to turn flowers into paint. Uses water energy to work.;Cối xay sơn@Dùng để biến hoa thành sơn. Sử dụng năng lượng nước để hoạt động.
Block/Painting;Text;;Painting@A decorative piece.;Tranh vẽ@Một món đồ trang trí.
Block/Painting_Tangaroa;Text;;Tangaroa painting@A painting from Tangaroa.;Tranh Tangaroa@Một bức tranh từ Tangaroa.
Block/PaperBundle;Text;;Paper bundle@Rough, stiff and boring.;Xấp giấy@Thô ráp, cứng và nhàm chán.
Block/Piano;Text;;Piano@Become a real beet-hoven.;Đàn piano@Trở thành một Beet-hoven thực thụ.
Block/Pillar_Tier3;Text;;Solid wooden pillar@Provides support for additional floors.;Cột gỗ chắc chắn@Hỗ trợ xây thêm tầng.
Block/Pillar_Wood;Text;;Wooden pillar@Provides support for additional floors.;Cột gỗ@Hỗ trợ xây thêm tầng.
Block/Pipe_Fuel;Text;;Fuel pipe@Useful for transporting biofuel between different machines.;Ống dẫn nhiên liệu@Hữu ích để vận chuyển nhiên liệu sinh học giữa các máy móc.
Block/Pipe_Water;Text;;Water pipe@Useful for transporting water between different machines.;Ống dẫn nước@Hữu ích để vận chuyển nước giữa các máy móc.
Block/Plushie;Text;;Plushie@Soft and adorable!;Thú nhồi bông@Mềm và đáng yêu!
Block/Quill;Text;;Quill@The feather is sooo soft.;Bút lông ngỗng@Cái lông mềm ơi là mềm.
Block/RBPainting_Andre;Text;;Man And Moon@A remnant of a mysterious collective.;Người Và Mặt Trăng@Tàn tích của một tập thể bí ẩn.
Block/RBPainting_Ellen;Text;;The Pot@A remnant of a mysterious collective.;Cái Nồi@Tàn tích của một tập thể bí ẩn.
Block/RBPainting_Felicia;Text;;After The Rain@A remnant of a mysterious collective.;Sau Cơn Mưa@Tàn tích của một tập thể bí ẩn.
Block/RBPainting_Gabriel;Text;;Octohenge@A remnant of a mysterious collective.;Octohenge@Tàn tích của một tập thể bí ẩn.
Block/RBPainting_Illayda;Text;;Neighbors Dog @A remnant of a mysterious collective.;Con Chó Hàng Xóm@Tàn tích của một tập thể bí ẩn.
Block/RBPainting_Petter;Text;;Real Self Portrait@A remnant of a mysterious collective.;Chân Dung Thật@Tàn tích của một tập thể bí ẩn.
Block/RBPainting_Semih;Text;;What Even Is?@A remnant of a mysterious collective.;Cái Gì Đây?@Tàn tích của một tập thể bí ẩn.
Block/RBPainting_William;Text;;Foul Fogs@A remnant of a mysterious collective.;Sương Mù Xấu Xa@Tàn tích của một tập thể bí ẩn.
Block/Radio;Text;;Radio@Unsure if it is functional.;Radio@Không rõ có còn hoạt động không.
Block/Reciever;Text;;Receiver@Used to locate nearby radio signals.;Bộ thu@Dùng để định vị tín hiệu radio gần đó.
Block/Recycler;Text;;Recycler@Combines basic resources into trading post currency.;Máy tái chế@Kết hợp tài nguyên cơ bản thành tiền tệ trạm giao thương.
Block/Repair;Text;;Repair@Repair damaged building parts.;Sửa chữa@Sửa chữa các bộ phận xây dựng bị hư hỏng.
Block/ResearchTable;Text;;Research table@Used to research new items to craft.;Bàn nghiên cứu@Dùng để nghiên cứu vật phẩm mới có thể chế tạo.
Block/Roof_Corner_Thatch;Text;;Thatch roof corner@Covers your head.;Góc mái rơm@Che đầu bạn.
Block/Roof_Corner_Tier3;Text;;Solid wooden roof corner@Covers your head.;Góc mái gỗ chắc chắn@Che đầu bạn.
Block/Roof_Corner_Wood;Text;;Wooden roof corner@Covers your head.;Góc mái gỗ@Che đầu bạn.
Block/Roof_EndCap_Thatch;Text;;Thatch roof endcap@Covers your head.;Nắp mái rơm@Che đầu bạn.
Block/Roof_EndCap_Tier3;Text;;Solid wooden roof endcap@Covers your head.;Nắp mái gỗ chắc chắn@Che đầu bạn.
Block/Roof_EndCap_Wood;Text;;Wooden roof endcap@Covers your head.;Nắp mái gỗ@Che đầu bạn.
Block/Roof_InvCorner_Thatch;Text;;Inverted thatch roof corner@Covers your head.;Góc mái rơm ngược@Che đầu bạn.
Block/Roof_InvCorner_Tier3;Text;;Inverted solid wooden roof corner@Covers your head.;Góc mái gỗ chắc chắn ngược@Che đầu bạn.
Block/Roof_InvCorner_Wood;Text;;Inverted wooden roof corner@Covers your head.;Góc mái gỗ ngược@Che đầu bạn.
Block/Roof_LJunction_Thatch;Text;;Thatch L-junction@Covers your head.;Ngã ba mái rơm chữ L@Che đầu bạn.
Block/Roof_LJunction_Tier3;Text;;Solid wooden L-junction@Covers your head.;Ngã ba mái gỗ chắc chắn chữ L@Che đầu bạn.
Block/Roof_LJunction_Wood;Text;;Wooden L-junction@Covers your head.;Ngã ba mái gỗ chữ L@Che đầu bạn.
Block/Roof_Pyramid_Thatch;Text;;Thatch roof pyramid@Covers your head.;Mái rơm chóp@Che đầu bạn.
Block/Roof_Pyramid_Tier3;Text;;Solid wooden roof pyramid@Covers your head.;Mái gỗ chắc chắn chóp@Che đầu bạn.
Block/Roof_Pyramid_Wood;Text;;Wooden roof pyramid@Covers your head.;Mái gỗ chóp@Che đầu bạn.
Block/Roof_StraightV_Thatch;Text;;Thatch double roof@Covers your head.;Mái rơm đôi@Che đầu bạn.
Block/Roof_StraightV_Tier3;Text;;Solid wooden double roof@Covers your head.;Mái gỗ chắc chắn đôi@Che đầu bạn.
Block/Roof_StraightV_Wood;Text;;Wooden double roof@Covers your head.;Mái gỗ đôi@Che đầu bạn.
Block/Roof_Straight_Thatch;Text;;Thatch roof@Covers your head.;Mái rơm@Che đầu bạn.
Block/Roof_Straight_Tier3;Text;;Solid wooden roof@Covers your head.;Mái gỗ chắc chắn@Che đầu bạn.
Block/Roof_Straight_Wood;Text;;Wooden roof@Covers your head.;Mái gỗ@Che đầu bạn.
Block/Roof_TJunction_Thatch;Text;;Thatch T-junction@Covers your head.;Ngã ba mái rơm chữ T@Che đầu bạn.
Block/Roof_TJunction_Tier3;Text;;Solid wooden T-junction@Covers your head.;Ngã ba mái gỗ chắc chắn chữ T@Che đầu bạn.
Block/Roof_TJunction_Wood;Text;;Wooden T-junction@Covers your head.;Ngã ba mái gỗ chữ T@Che đầu bạn.
Block/Roof_XJunction_Thatch;Text;;Thatch X-junction@Covers your head.;Ngã tư mái rơm chữ X@Che đầu bạn.
Block/Roof_XJunction_Tier3;Text;;Solid wooden X-junction@Covers your head.;Ngã tư mái gỗ chắc chắn chữ X@Che đầu bạn.
Block/Roof_XJunction_Wood;Text;;Wooden X-junction@Covers your head.;Ngã tư mái gỗ chữ X@Che đầu bạn.
Block/Rug;Text;;Rug@Reduces splinters in your feet.;Thảm@Giảm dằm ở chân bạn.
Block/Sail;Text;;Sail@Can nudge you in the right direction.;Cánh buồm@Có thể đẩy nhẹ bạn đi đúng hướng.
Block/SaltPepper;Text;;Salt and pepper shaker@Neccessary if the chef is skimpy.;Lọ muối tiêu@Cần thiết nếu đầu bếp keo kiệt gia vị.
Block/Scarecrow;Text;;Scarecrow@Keeps seagulls away from you crop plots by distracting the attention with its beautiful body.;Bù nhìn@Ngăn hải âu khỏi luống trồng bằng cách thu hút sự chú ý bằng vẻ ngoài xinh đẹp của nó.
Block/Scarecrow_Advanced;Text;;Advanced Scarecrow@Keeps seagulls away from your crop plots for good.;Bù nhìn nâng cao@Ngăn hải âu khỏi luống trồng vĩnh viễn.
Block/ScrapMechanic;Text;;Scrap Mechanic duck@An old plastic duck. Seems to originate from the game Scrap Mechanic.;Vịt Scrap Mechanic@Một con vịt nhựa cũ. Có vẻ đến từ trò chơi Scrap Mechanic.
Block/SetFortified;Text;;Fortify@;Gia cố@
Block/SharkTrophy;Text;;Shark trophy@In memory of the struggle...;Chiến lợi phẩm cá mập@Để tưởng nhớ trận chiến...
Block/Shelf;Text;;Shelf@A shelf to place things on.;Kệ@Một chiếc kệ để đặt đồ.
Block/Shelf_Large;Text;;Large shelf@;Kệ lớn@
Block/Sign_LiveLaughSail;Text;;Live, laugh, sail@An annoyingly perfect sign.;Sống, cười, giong buồm@Một tấm biển hoàn hảo đến khó chịu.
Block/Sign_RaftSweetRaft;Text;;Raft sweet raft@An annoyingly perfect sign.;Bè ngọt ngào ơi@Một tấm biển hoàn hảo đến khó chịu.
Block/Sofa;Text;;Sofa@Comfy and elegant.;Ghế sofa@Êm ái và sang trọng.
Block/SpiralStair;Text;;Spiral stair case@A fancier stair.;Cầu thang xoắn ốc@Một cầu thang đẹp hơn.
Block/SpiralStairHalf;Text;;Half spiral staircase@A fancier half stair.;Nửa cầu thang xoắn ốc@Một nửa cầu thang đẹp hơn.
Block/Sprinkler;Text;;Sprinkler@Waters your crops automatically. Seems to be missing a battery though.;Vòi phun nước@Tự động tưới cây trồng. Có vẻ như đang thiếu pin.
Block/Stair_Tier3;Text;;Solid stair@Great to get from one floor to another.;Cầu thang chắc chắn@Rất tốt để đi từ tầng này sang tầng khác.
Block/Stair_Wood;Text;;Stair@Great to get from one floor to another.;Cầu thang@Rất tốt để đi từ tầng này sang tầng khác.
Block/SteeringWheel;Text;;Steering Wheel@Allows you to rotate your raft. Extra useful in combination with an engine.;Bánh lái@Cho phép bạn xoay bè. Hữu ích hơn khi kết hợp với động cơ.
Block/Storage_Large;Text;;Large Storage@Used to store a lot of items.;Kho chứa lớn@Dùng để chứa rất nhiều vật phẩm.
Block/Storage_Medium;Text;;Storage@Used to store more items.;Kho chứa@Dùng để chứa nhiều vật phẩm hơn.
Block/Storage_Small;Text;;Small storage@Used to store items.;Kho chứa nhỏ@Dùng để chứa vật phẩm.
Block/Streamer;Text;;Streamer@Useful for knowing which way is forward.;Dải cờ gió@Hữu ích để biết hướng nào là phía trước.
Block/StringLight;Text;;String light@Sets the mood.;Đèn dây@Tạo không khí.
Block/Surfboard;Text;;Surfboard@Somebody got unlucky.;Ván lướt sóng@Có ai đó đã gặp xui xẻo.
Block/Table;Text;;Table@A table to place things on... Or under. Goes well with a chair.;Bàn@Một chiếc bàn để đặt đồ lên trên... hoặc bên dưới. Đi kèm ghế thì càng hợp.
Block/Table_Small;Text;;Table@A table to place things on.;Bàn@Một chiếc bàn để đặt đồ.
Block/Tablecloth;Text;;Tablecloth@Fits perfectly on a table.;Khăn trải bàn@Vừa vặn hoàn hảo trên bàn.
Block/TangaroaPlant;Text;;Tangaroa plant@A decorative plant from Tangaroa.;Cây cảnh Tangaroa@Một cây cảnh trang trí từ Tangaroa.
Block/TemperanceCutlery;Text;;Temperance cutlery@A useful spork and plate.;Dao muỗng nĩa Temperance@Một chiếc muỗng-nĩa và đĩa hữu ích.
Block/TemperanceMug;Text;;Temperance mug@Cute design!;Cốc Temperance@Thiết kế dễ thương!
Block/TemperancePainting;Text;;Temperance painting@Snow, scientists and a purpose!;Tranh Temperance@Tuyết, các nhà khoa học và một mục đích!
Block/TemperancePlant;Text;;Temperance plant@A decorative plant from Temperance.;Cây cảnh Temperance@Một cây cảnh trang trí từ Temperance.
Block/TemperanceRug;Text;;Temperance rug@A simple rug most commonly found in igloos.;Thảm Temperance@Một tấm thảm đơn giản thường thấy trong lều tuyết.
Block/TicTacToe;Text;;Tic-tac-toe@A fun game to play with a friend.;Cờ ca rô@Một trò chơi thú vị để chơi cùng bạn bè.
Block/TikiPoleComplete;Text;;Tiki pole@Tall, colorful and majestic.;Cột Tiki@Cao, sặc sỡ và uy nghi.
Block/TikiPolePiece;Text;;Tiki piece@It seems lonely by itself.;Mảnh Tiki@Trông có vẻ cô đơn một mình.
Block/ToyRobot;Text;;Toy robot@A mechanical little friend.;Robot đồ chơi@Một người bạn cơ khí nhỏ.
Block/ToyRobot_Gold;Text;;Golden toy robot@There is no battery inside, yet its eyes glow...;Robot đồ chơi vàng@Không có pin bên trong, vậy mà mắt nó vẫn phát sáng...
Block/Trashcan;Text;;Trashcan@Throw your trash in here instead of the ocean.;Thùng rác@Vứt rác vào đây thay vì xuống đại dương.
Block/Upgrade_Thatch;Text;;Replace with thatch@;Thay bằng rơm@
Block/Upgrade_Tier3;Text;;Replace with solid wood@;Thay bằng gỗ chắc chắn@
Block/Upgrade_Wood;Text;;Replace with wood@;Thay bằng gỗ@
Block/UtopiaBottle;Text;;Utopia bottles@Decorative bottles from Utopia.;Chai Utopia@Chai trang trí từ Utopia.
Block/UtopiaDecoration;Text;;Utopia decoration@Hand carved and crafted by people on Utopia.;Đồ trang trí Utopia@Được chạm khắc và chế tác thủ công bởi người dân Utopia.
Block/UtopiaDreamCatcher;Text;;Utopia dream catcher@Protects all your dreams from evil.;Bùa bắt mộng Utopia@Bảo vệ mọi giấc mơ của bạn khỏi điều xấu.
Block/UtopiaHerb;Text;;Utopia herbs@Herbs for your kitchen.;Thảo mộc Utopia@Thảo mộc cho gian bếp của bạn.
Block/UtopiaLightBottle;Text;;Utopia light bottle@A decorative light bottle from Utopia.;Chai đèn Utopia@Một chai đèn trang trí từ Utopia.
Block/UtopiaPlant;Text;;Utopia plant@A decorative plant from Utopia.;Cây cảnh Utopia@Một cây cảnh trang trí từ Utopia.
Block/Wall_Slope_Thatch;Text;;Triangular thatch wall@Fills triangular holes.;Tường rơm tam giác@Lấp lỗ hổng tam giác.
Block/Wall_Slope_Tier3;Text;;Triangular solid wooden wall@Fills triangular holes.;Tường gỗ chắc chắn tam giác@Lấp lỗ hổng tam giác.
Block/Wall_Slope_Wood;Text;;Triangular wooden wall@Fills triangular holes.;Tường gỗ tam giác@Lấp lỗ hổng tam giác.
Block/Wall_Thatch;Text;;Thatch wall@Provides support for additional floors.;Tường rơm@Hỗ trợ xây thêm tầng.
Block/Wall_Tier3;Text;;Solid wooden wall@Provides support for additional floors.;Tường gỗ chắc chắn@Hỗ trợ xây thêm tầng.
Block/Wall_VSlope_Thatch;Text;;Pyramid thatch wall@Fills pyramid holes.;Tường rơm hình chóp@Lấp lỗ hổng hình chóp.
Block/Wall_VSlope_Tier3;Text;;Pyramid solid wooden wall@Fills pyramid holes.;Tường gỗ chắc chắn hình chóp@Lấp lỗ hổng hình chóp.
Block/Wall_VSlope_Wood;Text;;Pyramid wooden wall@Fills pyramid holes.;Tường gỗ hình chóp@Lấp lỗ hổng hình chóp.
Block/Wall_Wood;Text;;Wooden wall@Provides support for additional floors.;Tường gỗ@Hỗ trợ xây thêm tầng.
Block/Wardrobe;Text;;Wardrobe@Lets you change the colour of your clothes.;Tủ quần áo@Cho phép bạn đổi màu quần áo.
Block/WaterTank;Text;;Water tank@Can be connected with waterpipes!;Bồn nước@Có thể kết nối với ống dẫn nước!
Block/WavingCat;Text;;Lucky cat@Might bring you some happiness.;Mèo may mắn@Có thể mang lại chút hạnh phúc cho bạn.
Block/WindTurbine;Text;;Wind turbine@Charges batteries with wind power.;Tua bin gió@Sạc pin bằng sức gió.
Block/Window_Thatch;Text;;Thatch window@Provides support for additional floors.;Cửa sổ rơm@Hỗ trợ xây thêm tầng.
Block/Window_Thatch_Half;Text;;Half thatch window@Provides support for additional floors.;Nửa cửa sổ rơm@Hỗ trợ xây thêm tầng.
Block/Window_Tier3;Text;;Solid wooden window@Provides support for additional floors.;Cửa sổ gỗ chắc chắn@Hỗ trợ xây thêm tầng.
Block/Window_Tier3_Half;Text;;Solid half wooden window@Provides support for additional floors.;Nửa cửa sổ gỗ chắc chắn@Hỗ trợ xây thêm tầng.
Block/Window_Wood;Text;;Wooden window@Provides support for additional floors.;Cửa sổ gỗ@Hỗ trợ xây thêm tầng.
Block/Window_Wood_Half;Text;;Half wooden window@Provides support for additional floors.;Nửa cửa sổ gỗ@Hỗ trợ xây thêm tầng.
Block/WineGoblet;Text;;Wine goblet@Suits kings and queens!;Ly rượu vang@Hợp với vua chúa!
Block/WorldGlobe;Text;;World globe@A very non flat object.;Quả địa cầu@Một vật thể không hề phẳng.
Block/ZiplineBase;Text;;Zipline@Place rope between these to ride the zipline.;Zipline@Đặt dây thừng giữa các cột này để đu zipline.
Character/Female;Text;;Female;Nữ
Character/Male;Text;;Male;Nam
Character/Name;Text;;Character name;Tên nhân vật
Character/Outfit;Text;;Outfit;Trang phục
Character/Title;Text;;Character;Nhân vật
Controls/Action 1;Text;;Action 1;Hành động 1
Controls/Action 2;Text;;Action 2;Hành động 2
Controls/AltKey;Text;;Alt.Key;Phím Alt
Controls/AutoRun;Text;;Auto run;Tự động chạy
Controls/BlockPick;Text;;Block pick;Chọn khối
Controls/Cancel;Text;;Cancel;Hủy
Controls/Chat;Text;;Open chat;Mở khung chat
Controls/ChatNextMessage;Text;;Next message;Tin nhắn tiếp theo
Controls/ChatPreviousMessage;Text;;Previous message;Tin nhắn trước
Controls/ColorPick;Text;;Color pick;Chọn màu
Controls/Crouch;Text;;Crouch;Ngồi thấp
Controls/CursorSensitivity;Text;;Cursor Sensitivity;Độ nhạy con trỏ
Controls/DropItem;Text;;Drop item;Thả vật phẩm
Controls/GameInfo;Text;;GameInfo;Thông tin trò chơi
Controls/Hotbar;Text;;Hotbar;Thanh vật phẩm nhanh
Controls/Interact;Text;;Interact;Tương tác
Controls/Inventory;Text;;Inventory;Túi đồ
Controls/Invert Look Up/Down;Text;;Invert Look Up/Down;Đảo hướng nhìn lên/xuống
Controls/InvertLookUpDown;Text;;Invert Look Up/Down;Đảo hướng nhìn lên/xuống
Controls/InvertMouseY;Text;;Invert mouse up/down;Đảo chuột lên/xuống
Controls/Jump;Text;;Jump;Nhảy
Controls/Key;Text;;Key;Phím
Controls/Keybinds;Text;;Keybinds;Gán phím
Controls/LookSensitivity;Text;;Look Sensitivity;Độ nhạy góc nhìn
Controls/Mirror;Text;;Mirror;Lật gương
Controls/MouseSensitivity;Text;;Mouse Sensitivity;Độ nhạy chuột
Controls/PaintOneSide;Text;;Paint one side;Sơn một mặt
Controls/ResetKeybinds;Text;;Reset Keybinds;Đặt lại phím
Controls/Rotate;Text;;Rotate;Xoay
Controls/SortStorage;Text;;Sort items into storage;Sắp xếp vào kho
Controls/Sprint;Text;;Sprint;Chạy nhanh
Controls/StopNotebookVoice;Text;;Stop playing note;Dừng phát ghi âm
Controls/StrafeLeft;Text;;Strafe left;Di chuyển trái
Controls/StrafeRight;Text;;Strafe right;Di chuyển phải
Controls/SwimDown;Text;;Swim down;Bơi xuống
Controls/ToggleCrouch;Text;;Toggle Crouch;Bật/tắt ngồi thấp
Controls/ToggleNoClip;Text;;Toggle noclip;Bật/tắt xuyên vật thể
Controls/ToggleNotebook;Text;;Hide/Show notebook;Ẩn/hiện sổ tay
Controls/TogglePaintSide;Text;;Toggle single sided painting;Bật/tắt sơn một mặt
Controls/ToggleRun;Text;;Toggle sprint;Bật/tắt chạy nhanh
Controls/ToggleThirdPerson;Text;;Toggle third person mode;Bật/tắt góc nhìn thứ ba
Controls/ToggleUI;Text;;Hide/Show UI;Ẩn/hiện giao diện
Controls/Vibration;Text;;Vibration;Rung
Controls/WalkBackward;Text;;Walk backward;Đi lùi
Controls/WalkForward;Text;;Walk forward;Đi tới
Crafting/Decorations;Text;;Decorations;Trang trí
Crafting/Equipment;Text;;Equipment;Trang bị
Crafting/FoodWater;Text;;Food/Water;Thực phẩm/Nước
Crafting/Navigation;Text;;Navigation;Điều hướng
Crafting/Other;Text;;Other;Khác
Crafting/Resources;Text;;Resources;Tài nguyên
Crafting/Tools;Text;;Tools;Công cụ
Crafting/Weapons;Text;;Weapons;Vũ khí
CraftingSub/Anchors;Text;;Anchors;Neo
CraftingSub/Arrows;Text;;Projectiles;Vật phóng
CraftingSub/Axes;Text;;Axes;Rìu
CraftingSub/Backpacks;Text;;Backpacks;Balo
CraftingSub/Batteries;Text;;Batteries;Pin
CraftingSub/BatteryCharger;Text;;Batter chargers;Bộ sạc pin
CraftingSub/Beds;Text;;Beds;Giường
CraftingSub/BiofuelRefiners;Text;;Biofuel refiners;Máy lọc nhiên liệu sinh học
CraftingSub/Bookpiles;Text;;Bookpiles;Chồng sách
CraftingSub/Bottles;Text;;Bottles;Chai lọ
CraftingSub/BowCategory;Text;;Bow and Arrow;Cung và tên
CraftingSub/Candlesticks;Text;;Candlesticks;Chân nến
CraftingSub/Clocks;Text;;Clocks;Đồng hồ
CraftingSub/Containers;Text;;Containers;Hộp đựng
CraftingSub/CookingTable;Text;;Cooking tables;Bàn nấu ăn
CraftingSub/Cropplots;Text;;Cropplots;Luống trồng cây
CraftingSub/Cropplots2;Text;;Cropplots;Luống trồng cây
CraftingSub/Cupboards;Text;;Cupboards;Tủ đựng đồ
CraftingSub/Curtains;Text;;Curtains;Rèm cửa
CraftingSub/DevPainting;Text;;Developer paintings;Tranh nhà phát triển
CraftingSub/Figurines;Text;;Animals;Tượng động vật
CraftingSub/FishingRod;Text;;Fishing rods;Cần câu cá
CraftingSub/Flowers;Text;;Flowers;Hoa
CraftingSub/Grills;Text;;Grills;Lò nướng
CraftingSub/Hats;Text;;Hats;Mũ
CraftingSub/HeadLights;Text;;Head lights;Đèn đội đầu
CraftingSub/Heads;Text;;Heads;Đầu
CraftingSub/Healing;Text;;Healing;Hồi phục
CraftingSub/Hooks;Text;;Hooks;Móc câu
CraftingSub/ItemNets;Text;;Collection nets;Lưới thu gom
CraftingSub/Lanterns;Text;;Lanterns;Đèn lồng
CraftingSub/LeatherArmor;Text;;Leather armor;Giáp da
CraftingSub/Lights;Text;;Lights;Đèn
CraftingSub/Music;Text;;Music;Âm nhạc
CraftingSub/NetGunCategory;Text;;Net launcher;Súng bắn lưới
CraftingSub/Painting;Text;;Painting;Tranh vẽ
CraftingSub/Paintings;Text;;Paintings;Tranh vẽ
CraftingSub/Pipes;Text;;Pipes;Ống dẫn
CraftingSub/Purifiers;Text;;Purifiers;Máy lọc nước
CraftingSub/RedbeetPaintings;Text;;Redbeet paintings;Tranh Redbeet
CraftingSub/Rugs;Text;;Rugs;Thảm
CraftingSub/Scarecrows;Text;;Scarecrows;Bù nhìn
CraftingSub/Seating;Text;;Seating;Chỗ ngồi
CraftingSub/Seed_Flower;Text;;Flower seeds;Hạt giống hoa
CraftingSub/Seeds;Text;;Seeds;Hạt giống
CraftingSub/Seeds_Tree;Text;;Tree seeds;Hạt giống cây
CraftingSub/Shelves;Text;;Shelves;Kệ
CraftingSub/Shovels;Text;;Shovels;Xẻng
CraftingSub/Smelters;Text;;Smelters;Lò nung
CraftingSub/Spears;Text;;Spears;Giáo
CraftingSub/Storages;Text;;Storages;Kho chứa
CraftingSub/Tables;Text;;Tables;Bàn
CraftingSub/Tableware;Text;;Tableware;Đồ dùng bàn ăn
CraftingSub/TangaroaPaintings;Text;;Tangaroa paintings;Tranh Tangaroa
CraftingSub/TangaroaPlants;Text;;Tangaroa plants;Cây cảnh Tangaroa
CraftingSub/Tanks;Text;;Tanks;Bồn chứa
CraftingSub/Temperance;Text;;Temperance;Temperance
CraftingSub/Tiki;Text;;Tiki pieces;Vật phẩm Tiki
CraftingSub/Toys;Text;;Toys;Đồ chơi
CraftingSub/Trader;Text;;Trading post;Trạm giao thương
CraftingSub/TrophyBoards;Text;;Trophy boards;Bảng treo chiến lợi phẩm
CraftingSub/Utopia;Text;;Utopia;Utopia
CraftingSub/Weapons;Text;;Weapons;Vũ khí
CraftingSub/ZiplineTools;Text;;Zipline tools;Dụng cụ zipline
DeathMenu/FindBed;Text;;Find a bed;Tìm giường
DeathMenu/Incapacitated;Text;;Incapacitated;Đã kiệt sức
DeathMenu/InventoryLoss;Text;;Lose 2/3 of inventory;Mất 2/3 túi đồ
DeathMenu/Rescue;Text;;Waiting for rescue;Đang chờ cứu
DeathMenu/Respawn;Text;;Surrender and respawn;Đầu hàng và hồi sinh
Difficulty;Text;;Game mode;Chế độ chơi
Difficulty/Creative;Text;;Creative;Sáng tạo
Difficulty/Creative_Description;Text;;Unlimited supplies and health, allowing you to focus less on survival and more on building.;Vật tư và máu vô hạn, giúp bạn tập trung vào xây dựng hơn là sinh tồn.
Difficulty/Easy;Text;;Easy;Dễ
Difficulty/Easy_Description;Text;;Easier to maintain hunger and thirst. Inventory is not lost when respawning.;Dễ duy trì đói và khát hơn. Không mất túi đồ khi hồi sinh.
Difficulty/Hardcore;Text;;Hard;Khó
Difficulty/Hardcore_Description;Text;;You cannot respawn without the help of a friend.;Bạn không thể hồi sinh nếu không có sự trợ giúp của bạn bè.
Difficulty/Normal;Text;;Normal;Bình thường
Difficulty/Normal_Description;Text;;Average difficulty for the average player.;Độ khó trung bình dành cho người chơi thông thường.
Difficulty/Peaceful;Text;;Peaceful;Yên bình
Difficulty/Peaceful_Description;Text;;A more relaxed version of Raft where enemies are no threat.;Phiên bản thư giãn hơn của Raft, nơi kẻ địch không gây nguy hiểm.
Fonts/CalibriTMP;TextMeshPFont;;calibrib SDF;calibrib SDF
Fonts/Calibrib;Font;;calibrib;calibrib
Fonts/ChineseRocks;Font;;ChineseRocks;ChineseRocks
Fonts/Dialog;TextMeshPFont;;calibrib SDF 2;calibrib SDF 2
Fonts/monorama-medium;TextMeshPFont;;monorama-medium SDF;monorama-medium SDF
Fonts/tt_marks_rough_bold;TextMeshPFont;;tt_marks_rough_bold SDF;tt_marks_rough_bold SDF
Game/;Text;;;""""
Game/Add;Text;;Add;Thêm
Game/Balboa/RelayStationsActive;Text;;{[ItemX]} relay stations active;{[ItemX]} trạm tiếp sóng đang hoạt động
Game/BuildMenu;Text;;Hold for more parts;Giữ để xem thêm bộ phận
Game/Buy;Text;;Buy;Mua
Game/Cable/StartDragging;Text;;Start dragging cable;Bắt đầu kéo dây cáp
Game/Cable/StopDragging;Text;;Stop dragging cable;Dừng kéo dây cáp
Game/CanBeResearched;Text;;Cant be researched;Không thể nghiên cứu
Game/CantBeResearched;Text;;Cant be researched;Không thể nghiên cứu
Game/CantSleepDay;Text;;Can't fall asleep during daytime;Không thể ngủ vào ban ngày
Game/CantSleepPlayers;Text;;All players must be sleeping;Tất cả người chơi phải đang ngủ
Game/Carry;Text;;Carry {[IncapacitatedPlayer]};Vác {[IncapacitatedPlayer]}
Game/CarryAnimal;Text;;Carry;Bế
Game/ClawMachine/PlayerInArea;Text;;"Error
Evacuate personnel from the crane area";"Lỗi
Hãy sơ tán khỏi khu vực cần cẩu"
Game/ClawMachine/Ready;Text;;System is operational;Hệ thống đang hoạt động
Game/Close;Text;;Close;Đóng
Game/CollectItemCount;Text;;Collect {[ItemCount]} items;Thu thập {[ItemCount]} vật phẩm
Game/ColorMenu;Text;;Hold for more colors;Giữ để xem thêm màu
Game/ColorMenu/MoreColors;Text;;Hold for more colors;Giữ để xem thêm màu
Game/ColorMenu/PaintOneSide;Text;;Toggle single sided painting;Bật/tắt sơn một mặt
Game/ControlledViaEngineControls;Text;;Controlled by engine controls;Được điều khiển bởi bảng điều khiển động cơ
Game/CookingToBig;Text;;This does not fit here;Không vừa ở đây
Game/CoolingChallenge/Error;Text;;Control rods stuck, manual insertion required!;Thanh điều khiển bị kẹt, cần chèn thủ công!
Game/CoolingChallenge/InsertRods;Text;;Insert control rods;Chèn thanh điều khiển
Game/CoolingChallenge/Success;Text;;Cooling process initiated;Quá trình làm mát đã bắt đầu
Game/CoolingChallenge/ValvesShut;Text;;Control rods in place. Cooling process is ready!;Thanh điều khiển đã vào vị trí. Sẵn sàng làm mát!
Game/Craft;Text;;Craft;Chế tạo
Game/CraftX;Text;;Craft {[ItemX]};Chế tạo {[ItemX]}
Game/Cupboard;Text;;Cupboard;Tủ đựng đồ
Game/DaysSurvived;Text;;Days survived;Số ngày sống sót
Game/DoorLockedOneWay;Text;;Door is locked from the other side;Cửa bị khóa từ phía bên kia
Game/DoorLockedOneWay2;Text;;Door is locked from inside;Cửa bị khóa từ bên trong
Game/Drink;Text;;Drink;Uống
Game/Drop;Text;;Drop;Thả
Game/DropAnchor;Text;;Drop anchor;Thả neo
Game/DropAnimal;Text;;Stop carrying;Ngừng bế
Game/DropX;Text;;Drop {[ItemX]};Thả {[ItemX]}
Game/Eat;Text;;Eat;Ăn
Game/ExplosiveBarrel;Text;;Explosive barrel;Thùng chứa chất nổ
Game/FillSaltWater;Text;;Fill with saltwater;Đổ đầy nước mặn
Game/FillWater;Text;;Fill with freshwater;Đổ đầy nước ngọt
Game/Food;Text;;Food;Thực phẩm
Game/FriendlyFire;Text;;Friendly fire?;Sát thương đồng đội?
Game/Harvest;Text;;Harvest;Thu hoạch
Game/HazmatSuit;Text;;Equip hazmat suit;Mặc đồ bảo hộ
Game/Health;Text;;Health;Máu
Game/Higher Octave;Text;;Higher Octave;Tăng quãng tám
Game/Hold;Text;;[HOLD];[GIỮ]
Game/HoldToPickupX;Text;;Hold to pick up {[ItemX]};Giữ để nhặt {[ItemX]}
Game/InStock;Text;;In stock: {[ItemX]};Còn hàng: {[ItemX]}
Game/InsertCogwheel;Text;;Insert cogwheel;Chèn bánh răng
Game/InvalidWorldCode;Text;;Invalid World Code;Mã server không hợp lệ
Game/Keypad/Fail;Text;;Error;Lỗi
Game/Keypad/Success;Text;;Success;Thành công
Game/LaunchFirework;Text;;Shoot firework;Bắn pháo hoa
Game/Learn;Text;;Learn;Học
Game/LearnX;Text;;Learn {[ItemX]};Học {[ItemX]}
Game/Learned;Text;;Learned;Đã học
Game/Lower Octave;Text;;Lower Octave;Giảm quãng tám
Game/MotorWheel/ChangeDirection;Text;;Change direction;Đổi hướng
Game/MotorWheel/TurnOff;Text;;Turn off engine;Tắt động cơ
Game/MotorWheel/TurnOn;Text;;Activate engine;Kích hoạt động cơ
Game/Move;Text;;Move;Di chuyển
Game/MoveCrane;Text;;Move Crane;Điều khiển cần cẩu
Game/MoveHalf;Text;;Move half;Di chuyển một nửa
Game/MoveOne;Text;;Move one;Di chuyển một lần
Game/MoveRepeat;Text;;Move Repeatedly;Di chuyển liên tục
Game/NeedWater;Text;;Needs fresh water;Cần nước ngọt
Game/NewCharacter;Text;;New playable character;Nhân vật mới có thể chơi
Game/NoAmmo;Text;;No ammo;Hết đạn
Game/NotEnoughReputation;Text;;Not enough reputation;Không đủ danh tiếng
Game/Open;Text;;Open;Mở
Game/OutOfStock;Text;;Out of stock;Hết hàng
Game/Oxygen;Text;;Oxygen;Oxy
Game/PickUp;Text;;Pick up;Nhặt lên
Game/PickUpX;Text;;Pick up {[ItemX]};Nhặt {[ItemX]}
Game/PickupNote;Text;;New note added;Đã thêm ghi chú mới
Game/PlaceInBed;Text;;Place {[CarriedPlayer]} in bed;Đặt {[CarriedPlayer]} lên giường
Game/PlaceItem;Text;;Place {[CurrentItem]};Đặt {[CurrentItem]}
Game/PlaceItemResearch;Text;;Place item in slot to research;Đặt vật phẩm vào ô để nghiên cứu
Game/PlaceItemX;Text;;Place {[ItemX]};Đặt {[ItemX]}
Game/PlantItemX;Text;;Plant {[ItemX]};Trồng {[ItemX]}
Game/PlayerDisconnected;Text;;has left the raft!;đã rời khỏi bè!
Game/PlayerJoined;Text;;has joined the raft!;đã tham gia bè!
Game/PlayersNeedToBeClose;Text;;All players must be nearby;Tất cả người chơi phải ở gần
Game/Portions;Text;;Portions;Khẩu phần
Game/PourLiquid;Text;;Pour liquid;Đổ chất lỏng
Game/Press;Text;;Press;Nhấn
Game/QuickMove;Text;;Quick move;Di chuyển nhanh
Game/Remove;Text;;Remove;Gỡ bỏ
Game/RenamePet;Text;;Change animal name;Đổi tên thú cưng
Game/Reputation;Text;;Reputation;Danh tiếng
Game/RequiredItemX;Text;;Requires {[ItemX]};Cần {[ItemX]}
Game/RequiredRawMaterials;Text;;Requires raw materials;Cần nguyên liệu thô
Game/Requires;Text;;Requires;Cần
Game/RequiresCogwheel;Text;;Requires cogwheel;Cần bánh răng
Game/RequiresFood;Text;;Requires food;Cần thực phẩm
Game/RequiresFoodRaw;Text;;Requires raw food;Cần thực phẩm thô
Game/RequiresWater;Text;;Requires water;Cần nước
Game/Research;Text;;Research;Nghiên cứu
Game/ResearchBlueprint;Text;;You can now research;Bạn có thể nghiên cứu ngay bây giờ
Game/ResearchLearned;Text;;You learned;Bạn đã học được
Game/ResearchX;Text;;Research {[ItemX]};Nghiên cứu {[ItemX]}
Game/ResearchableItems;Text;;Items left to research;Vật phẩm còn lại cần nghiên cứu
Game/Researched;Text;;Researched;Đã nghiên cứu
Game/ResearchedBy;Text;;Researched by: {[RemoteSteamID]};Nghiên cứu bởi: {[RemoteSteamID]}
Game/Reward;Text;;Reward;Phần thưởng
Game/RewriteSign;Text;;Change text;Đổi chữ
Game/RotateSmooth;Text;;Press or hold to rotate smoothly;Nhấn hoặc giữ để xoay mượt
Game/RotateSmooth2;Text;;Hold to rotate smoothly;Giữ để xoay mượt
Game/Sell;Text;;Sell;Bán
Game/SetFortified;Text;;Fortify;Gia cố
Game/Sit;Text;;Sit;Ngồi
Game/Sleep;Text;;Lay down;Nằm xuống
Game/Sort;Text;;Sort Chest;Sắp xếp rương
Game/Stand;Text;;Stand up;Đứng dậy
Game/StartCooking;Text;;Start cooking;Bắt đầu nấu
Game/StopSleep;Text;;Stand up;Đứng dậy
Game/Storage;Text;;Storage;Kho chứa
Game/Store;Text;;Store Items;Cất vật phẩm
Game/Swap;Text;;Swap;Đổi chỗ
Game/TalkToX;Text;;Talk to {[ItemX]};Nói chuyện với {[ItemX]}
Game/Throw;Text;;Throw;Ném
Game/Tier;Text;;Tier;Cấp bậc
Game/Trader;Text;;Trader;Thương nhân
Game/TradingPost;Text;;Trading post;Trạm giao thương
Game/Trash;Text;;Trash items;Vứt vật phẩm
Game/Trashcan;Text;;Trash can;Thùng rác
Game/TurnOff;Text;;Turn off;Tắt
Game/TurnOn;Text;;Turn on;Bật
Game/Use;Text;;Use;Sử dụng
Game/UseCrane;Text;;Use Crane;Dùng cần cẩu
Game/VersionNewer;Text;;Save is outdated;Bản lưu đã lỗi thời
Game/VersionOutdated;Text;;Game version outdated;Phiên bản trò chơi đã lỗi thời
Game/WakeUp;Text;;Press any key to wake up;Nhấn phím bất kỳ để thức dậy
Game/WaterCrops;Text;;Water crops;Tưới cây trồng
Game/WeighAnchor;Text;;Weigh anchor;Kéo neo lên
Game/Zipline/AbortRope;Text;;Stop dragging rope;Dừng kéo dây
Game/Zipline/Attach;Text;;Ride zipline;Đu zipline
Game/Zipline/Detach;Text;;Jump off zipline;Nhảy khỏi zipline
Game/Zipline/EndRope;Text;;Attach rope;Buộc dây
Game/Zipline/RequiresTool;Text;;Requires zipline tool;Cần dụng cụ zipline
Game/Zipline/StartRope;Text;;Start dragging rope;Bắt đầu kéo dây
Game/Zipline/UseMotor;Text;;Use motor ;Dùng động cơ
General/AutoPlayNote;Text;;Auto play notes;Tự động phát ghi âm
General/AutoSave;Text;;Auto save world;Tự động lưu server
General/ChatVisibility;Text;;Enable chat;Bật khung chat
General/EnableHelpfulUI;Text;;Enable helpful UI;Bật giao diện hỗ trợ
General/GDPR;Text;;GDPR;GDPR
General/InvertMouseCursor;Text;;Invert mouse cursor;Đảo con trỏ chuột
General/Language;Text;;Language;Ngôn ngữ
General/MotionSickness;Text;;Motion sickness mode;Chế độ chống say tàu xe
General/QuickBuild;Text;;Quick build;Xây dựng nhanh
General/ShowPlayerNames;Text;;Enable nametag;Bật tên người chơi
Graphics/AmbientOcclusion;Text;;Ambient Occlusion;Đổ bóng môi trường
Graphics/Antialiasing;Text;;Antialiasing;Khử răng cưa
Graphics/Brightness;Text;;Brightness;Độ sáng
Graphics/FOV;Text;;FOV;Góc nhìn (FOV)
Graphics/FPSCap;Text;;Framerate limit;Giới hạn khung hình
Graphics/FPSCap120;Text;;FPS 120;FPS 120
Graphics/FPSCap144;Text;;FPS 144;FPS 144
Graphics/FPSCap30;Text;;FPS 30;FPS 30
Graphics/FPSCap60;Text;;FPS 60;FPS 60
Graphics/FPSCap90;Text;;FPS 90;FPS 90
Graphics/FPSCapNoLimit;Text;;No limit;Không giới hạn
Graphics/FullscreenMode/Borderless;Text;;Borderless;Toàn màn hình không viền
Graphics/FullscreenMode/Exclusive;Text;;Exclusive;Toàn màn hình
Graphics/FullscreenMode/Windowed;Text;;Windowed;Cửa sổ
Graphics/FullscreenModeTitle;Text;;Fullscreen mode;Chế độ hiển thị
Graphics/Quality;Text;;Overall quality;Chất lượng tổng thể
Graphics/Quality0;Text;;Fastest;Nhanh nhất
Graphics/Quality1;Text;;Fast;Nhanh
Graphics/Quality2;Text;;Good;Tốt
Graphics/Quality3;Text;;Fantastic;Tuyệt vời
Graphics/Quality4;Text;;Extreme;Cực đỉnh
Graphics/QualityNone;Text;;None;Không
Graphics/Reflection/Title;Text;;Real time reflections;Phản chiếu thời gian thực
Graphics/Resolution;Text;;Resolution;Độ phân giải
Graphics/ShadowCascade;Text;;Shadow cascades;Tầng đổ bóng
Graphics/ShadowCascadeFour;Text;;Four;Bốn
Graphics/ShadowCascadeNone;Text;;None;Không
Graphics/ShadowCascadeTwo;Text;;Two;Hai
Graphics/ShadowDistance;Text;;Shadow distance;Khoảng cách đổ bóng
Graphics/ShadowQuality;Text;;Shadow quality;Chất lượng đổ bóng
Graphics/ShadowType;Text;;Shadow type;Loại đổ bóng
Graphics/ShadowTypeHard;Text;;Hard;Cứng
Graphics/ShadowTypeNone;Text;;None;Không
Graphics/ShadowTypeSoft;Text;;Soft;Mềm
Graphics/TextureQuality;Text;;Texture quality;Chất lượng kết cấu
Graphics/WaterQuality;Text;;Water quality;Chất lượng nước
Item/Advanced_Battery;Text;;Advanced Battery@Used to power electrical machines for longer.;Pin nâng cao@Dùng để cấp điện cho máy móc lâu hơn.
Item/AirBottle;Text;;Oxygen bottle@Provides extra oxygen underwater.;Bình oxy@Cung cấp thêm oxy khi ở dưới nước.
Item/AnglerFishHead;Text;;Anglerfish head@Can be worn to brighten a dark room.;Đầu cá cần câu@Có thể đội để làm sáng căn phòng tối.
Item/Arrow_Metal;Text;;Metal arrow@Pointy, lightweight and well balanced.;Tên kim loại@Nhọn, nhẹ và cân bằng tốt.
Item/Arrow_Plastic;Text;;Plastic arrow@A very simple arrow.;Tên nhựa@Một mũi tên rất đơn giản.
Item/Arrow_Stone;Text;;Stone arrow@An average wooden arrow, with a stone tip.;Tên đá@Một mũi tên gỗ thông thường, có đầu đá.
Item/Arrow_Titanium;Text;;Titanium arrow@Carefully crafted for maximum punch.;Tên titan@Được chế tạo tỉ mỉ để có lực đâm xuyên tối đa.
Item/Axe;Text;;Metal axe@A more durable and faster axe compared to its predecessor.;Rìu kim loại@Bền hơn và nhanh hơn so với phiên bản trước.
Item/Axe_Stone;Text;;Stone axe@Useful for chopping down trees and removing raft parts.;Rìu đá@Hữu ích để chặt cây và tháo dỡ bộ phận bè.
Item/Axe_Titanium;Text;;Titanium axe@A sturdy axe that let you chop down even more trees.;Rìu titan@Một chiếc rìu chắc chắn giúp bạn chặt được nhiều cây hơn.
Item/BBQ;Text;;BBQ@When fruit gets boring.;Đồ nướng@Khi trái cây đã nhàm chán.
Item/Backpack;Text;;Backpack@Aside from being beautiful it expands your inventory.;Balo@Ngoài vẻ đẹp, nó còn mở rộng túi đồ của bạn.
Item/BackpackAdvanced;Text;;Big backpack@Aside from being beautiful it greatly expands your inventory.;Balo lớn@Ngoài vẻ đẹp, nó còn mở rộng túi đồ của bạn rất nhiều.
Item/Banana;Text;;Banana@It's yellow and tastes great.;Chuối@Màu vàng và rất ngon.
Item/Barrel;Text;;Barrel;Thùng phuy
Item/Battery;Text;;Battery@Used to power electrical machines.;Pin@Dùng để cấp điện cho máy móc.
Item/BeachBall;Text;;Beach ball@A fun ocean activity!;Bóng biển@Một hoạt động vui vẻ trên biển!
Item/BearHead;Text;;Bear head@Looks good on a trophy board.;Đầu gấu@Trông đẹp khi treo trên bảng chiến lợi phẩm.
Item/Bee;Text;;Bee jar@Bzz! Bzz!;Lọ ong@Vo ve! Vo ve!
Item/Berries_Red;Text;;Red berries@Despite being very red, they are not poisonous.;Quả mọng đỏ@Dù rất đỏ, chúng không có độc.
Item/Binoculars;Text;;Binoculars@See farther!;Ống nhòm@Nhìn xa hơn!
Item/Biofuel;Text;;Biofuel@Can be used to fuel certain machines.;Nhiên liệu sinh học@Có thể dùng làm nhiên liệu cho một số máy móc.
Item/BlueprintAnchorStationaryAdvanced;Text;;Blueprint: Advanced stationary anchor@Can be learned in research table.;Bản thiết kế: Neo cố định nâng cao@Có thể học tại bàn nghiên cứu.
Item/BlueprintAntenna;Text;;Blueprint: Antenna@Can be learned in research table.;Bản thiết kế: Ăng-ten@Có thể học tại bàn nghiên cứu.
Item/BlueprintBackpackAdvanced;Text;;Blueprint: Big backpack@Can be learned in research table.;Bản thiết kế: Balo lớn@Có thể học tại bàn nghiên cứu.
Item/BlueprintBattery;Text;;Blueprint: Battery@Can be learned in research table.;Bản thiết kế: Pin@Có thể học tại bàn nghiên cứu.
Item/BlueprintBatteryAdvanced;Text;;Blueprint: Advanced battery@Can be learned in research table.;Bản thiết kế: Pin nâng cao@Có thể học tại bàn nghiên cứu.
Item/BlueprintBatteryCharger;Text;;Blueprint: Battery charger@Can be learned in research table.;Bản thiết kế: Bộ sạc pin@Có thể học tại bàn nghiên cứu.
Item/BlueprintBiofuelExtractor;Text;;Blueprint: Biofuel refiner@Can be learned in researchtable.;Bản thiết kế: Máy lọc nhiên liệu sinh học@Có thể học tại bàn nghiên cứu.
Item/BlueprintBiofuelExtractorAdvanced;Text;;Blueprint: Advanced biofuel refiner@Can be learned in research table.;Bản thiết kế: Máy lọc nhiên liệu sinh học nâng cao@Có thể học tại bàn nghiên cứu.
Item/BlueprintCanteen;Text;;Blueprint: Canteen@Can be learned in research table.;Bản thiết kế: Bi đông@Có thể học tại bàn nghiên cứu.
Item/BlueprintCropplot_Large_Tier3;Text;;Blueprint: Advanced large crop plot@Can be learned in research table.;Bản thiết kế: Luống trồng lớn nâng cao@Có thể học tại bàn nghiên cứu.
Item/BlueprintCropplot_Medium_Tier3;Text;;Blueprint: Advanced medium crop plot@Can be learned in research table.;Bản thiết kế: Luống trồng vừa nâng cao@Có thể học tại bàn nghiên cứu.
Item/BlueprintCropplot_Small_Tier3;Text;;Blueprint: Advanced small crop plot@Can be learned in research table.;Bản thiết kế: Luống trồng nhỏ nâng cao@Có thể học tại bàn nghiên cứu.
Item/BlueprintDetailPlank;Text;;Blueprint: Detail plank@Can be learned in research table.;Bản thiết kế: Ván trang trí@Có thể học tại bàn nghiên cứu.
Item/BlueprintDrinkingGlass;Text;;Blueprint: Drinking glass@Can be learned in research table.;Bản thiết kế: Ly uống nước@Có thể học tại bàn nghiên cứu.
Item/BlueprintElectricGrill;Text;;Blueprint: Electric grill@Can be learned in research table.;Bản thiết kế: Lò nướng điện@Có thể học tại bàn nghiên cứu.
Item/BlueprintElectricPurifier;Text;;Blueprint: Electric purifier@Can be learned in research table.;Bản thiết kế: Máy lọc nước điện@Có thể học tại bàn nghiên cứu.
Item/BlueprintEngineControls;Text;;Blueprint: Engine controls@Can be learned in research table.;Bản thiết kế: Bảng điều khiển động cơ@Có thể học tại bàn nghiên cứu.
Item/BlueprintFirework;Text;;Blueprint: Firework@Can be learned in research table.;Bản thiết kế: Pháo hoa@Có thể học tại bàn nghiên cứu.
Item/BlueprintFuelTank;Text;;Blueprint: Fuel tank@Can be learned in research table.;Bản thiết kế: Bồn nhiên liệu@Có thể học tại bàn nghiên cứu.
Item/BlueprintHeadLighAdvanced;Text;;Blueprint: Advanced head light@Can be learned in research table.;Bản thiết kế: Đèn đội đầu nâng cao@Có thể học tại bàn nghiên cứu.
Item/BlueprintHeadLight;Text;;Blueprint: Head light@Can be learned in research table.;Bản thiết kế: Đèn đội đầu@Có thể học tại bàn nghiên cứu.
Item/BlueprintJuicer;Text;;Blueprint: Juicer@Can be learned in research table.;Bản thiết kế: Máy ép trái cây@Có thể học tại bàn nghiên cứu.
Item/BlueprintMachete;Text;;Blueprint: Machete@Can be learned in research table.;Bản thiết kế: Dao rựa@Có thể học tại bàn nghiên cứu.
Item/BlueprintMetalDetector;Text;;Blueprint: Metal detector@Can be learned in research table.;Bản thiết kế: Máy dò kim loại@Có thể học tại bàn nghiên cứu.
Item/BlueprintMotorWheel;Text;;Blueprint: Engine@Can be learned in research table.;Bản thiết kế: Động cơ@Có thể học tại bàn nghiên cứu.
Item/BlueprintPipe_Fuel;Text;;Blueprint: Fuel pipe@Can be learned in research table.;Bản thiết kế: Ống dẫn nhiên liệu@Có thể học tại bàn nghiên cứu.
Item/BlueprintPipe_Water;Text;;Blueprint: Water pipe@Can be learned in research table.;Bản thiết kế: Ống dẫn nước@Có thể học tại bàn nghiên cứu.
Item/BlueprintReciever;Text;;Blueprint: Receiver@Can be learned in research table.;Bản thiết kế: Bộ thu@Có thể học tại bàn nghiên cứu.
Item/BlueprintRecycler;Text;;Blueprint: Recycler@Can be learned in research table.;Bản thiết kế: Máy tái chế@Có thể học tại bàn nghiên cứu.
Item/BlueprintSmelterElectric;Text;;Blueprint: Electric smelter@Can be learned in research table.;Bản thiết kế: Lò nung điện@Có thể học tại bàn nghiên cứu.
Item/BlueprintSteeringWheel;Text;;Blueprint: Steering wheel@Can be learned in research table.;Bản thiết kế: Bánh lái@Có thể học tại bàn nghiên cứu.
Item/BlueprintStorageLarge;Text;;Blueprint: Large storage@Can be learned in research table.;Bản thiết kế: Kho chứa lớn@Có thể học tại bàn nghiên cứu.
Item/BlueprintTitaniumTools;Text;;Blueprint: Titanium tools@Can be learned in research table.;Bản thiết kế: Công cụ titan@Có thể học tại bàn nghiên cứu.
Item/BlueprintWatertank;Text;;Blueprint: Water tank@Can be learned in research table.;Bản thiết kế: Bồn nước@Có thể học tại bàn nghiên cứu.
Item/BlueprintWindTurbine;Text;;Blueprint: Wind turbine@Can be learned in research table.;Bản thiết kế: Tua bin gió@Có thể học tại bàn nghiên cứu.
Item/BlueprintZiplineBase;Text;;Blueprint: Zipline@Can be learned in research table.;Bản thiết kế: Zipline@Có thể học tại bàn nghiên cứu.
Item/BlueprintZiplineTool;Text;;Blueprint: Zipline tool@Can be learned in research table.;Bản thiết kế: Dụng cụ zipline@Có thể học tại bàn nghiên cứu.
Item/BlueprintZiplineToolElectric;Text;;Blueprint: Electric zipline tool@Can be learned in research table.;Bản thiết kế: Dụng cụ zipline điện@Có thể học tại bàn nghiên cứu.
Item/Boar;Text;;Warthog;Lợn rừng
Item/BoarHead;Text;;Warthog head@Looks good on a trophy board.;Đầu lợn rừng@Trông đẹp khi treo trên bảng chiến lợi phẩm.
Item/Bolt;Text;;Bolt@It's like a thick screw.;Bu lông@Nó giống như một con vít dày.
Item/Bow;Text;;Basic bow@Shoots arrows roughly where you point it.;Cung cơ bản@Bắn tên gần đúng hướng bạn nhắm.
Item/Brick_Dry;Text;;Dry brick@A dry brick. Not very exciting in itself.;Gạch khô@Một viên gạch khô. Bản thân nó không có gì thú vị.
Item/Briefcase;Text;;Briefcase@;Cặp táp@
Item/Bucket;Text;;Bucket@Useful for gathering milk.;Xô@Hữu ích để hứng sữa.
Item/Bucket_Milk;Text;;Bucket of milk@A full bucket of milk.;Xô sữa@Một xô đầy sữa.
Item/Calendar;Text;;Calendar@Keep count on how many days you have survived.;Lịch@Đếm số ngày bạn đã sống sót.
Item/Canteen_Empty;Text;;Empty canteen@Can be filled with lots of water.;Bi đông rỗng@Có thể đổ đầy nước.
Item/Canteen_SaltWater;Text;;Canteen of salt water@Drinking saltwater is not very good. Can be turned into fresh water.;Bi đông nước mặn@Uống nước mặn không tốt lắm. Có thể lọc thành nước ngọt.
Item/Canteen_Water;Text;;Canteen of fresh water@Fresh water is very important on the ocean.;Bi đông nước ngọt@Nước ngọt rất quan trọng trên biển.
Item/Cassette_Classical;Text;;"Classical cassette@#1 Left Alone
#2 Llama Waltz
#3 Unwanted Adventure";"Băng cassette nhạc cổ điển@#1 Left Alone
#2 Llama Waltz
#3 Unwanted Adventure"
Item/Cassette_EDM;Text;;"EDM cassette @#1 Dehydrated
#2 It's a Wave
#3 Raving on Sea";"Băng cassette nhạc EDM@#1 Dehydrated
#2 It's a Wave
#3 Raving on Sea"
Item/Cassette_Elevator;Text;;Elevator cassette@#1 Levels Descending;Băng cassette nhạc thang máy@#1 Levels Descending
Item/Cassette_Pop;Text;;"Pop cassette@#1 Funky Surfer
#2 Romantic Sunset
#3 Summer Breeze";"Băng cassette nhạc Pop@#1 Funky Surfer
#2 Romantic Sunset
#3 Summer Breeze"
Item/Cassette_Rock;Text;;"Rock cassette@#1 More Metal!
#2 Seagull Stole my Potato
#3 Smoke on my Raft";"Băng cassette nhạc Rock@#1 More Metal!
#2 Seagull Stole my Potato
#3 Smoke on my Raft"
Item/Cassette_TradingPost;Text;;Trading post cassette@#1 Bargain Bossa;Băng cassette trạm giao thương@#1 Bargain Bossa
Item/CatfishDeluxe;Text;;Catfish deluxe@Makes you run faster.;Cá trê đặc biệt@Giúp bạn chạy nhanh hơn.
Item/CaveMushroom;Text;;Cave mushroom@Great addition to many meals.;Nấm hang động@Thêm vào món ăn rất tuyệt.
Item/Chili;Text;;Chili@Spice up your food.;Ớt@Thêm gia vị cho món ăn.
Item/CircuitBoard;Text;;Circuit board@Commonly used for electrical machines.;Bo mạch điện tử@Thường dùng cho máy móc điện.
Item/Clay;Text;;Clay@Plain old clay.;Đất sét@Đất sét bình thường.
Item/ClayBowl;Text;;Clay bowl@A very good bowl.;Bát đất sét@Một chiếc bát rất tốt.
Item/Coconut;Text;;Coconut@Soothes thirst and some hunger.;Dừa@Giải khát và đỡ đói.
Item/CoconutBeat;Text;;Coconut beat@Something sweet for the child in you.;Sinh tố dừa@Món ngọt cho đứa trẻ trong bạn.
Item/CoconutChicken;Text;;Coconut chicken@Yummy chicken cooked in coconut milk.;Gà nấu dừa@Thịt gà thơm ngon nấu trong nước cốt dừa.
Item/Color_Black;Text;;Black paint@Used together with the paint brush.;Sơn đen@Dùng cùng với cọ sơn.
Item/Color_Blue;Text;;Blue paint@Used together with the paint brush.;Sơn xanh dương@Dùng cùng với cọ sơn.
Item/Color_Red;Text;;Red paint@Used together with the paint brush.;Sơn đỏ@Dùng cùng với cọ sơn.
Item/Color_White;Text;;White paint@Used together with the paint brush.;Sơn trắng@Dùng cùng với cọ sơn.
Item/Color_Yellow;Text;;Yellow paint@Used together with the paint brush.;Sơn vàng@Dùng cùng với cọ sơn.
Item/Compass;Text;;Compass@Points relatively north.;La bàn@Chỉ hướng bắc tương đối.
Item/Cooked_Beet;Text;;Cooked beet@A healthy little meal.;Củ dền nướng@Một bữa ăn nhỏ tốt cho sức khỏe.
Item/Cooked_Catfish;Text;;Cooked catfish@A solid meal.;Cá trê nướng@Một bữa ăn chắc bụng.
Item/Cooked_Drumstick;Text;;Cooked drumstick@Full of protein.;Đùi gà nướng@Đầy protein.
Item/Cooked_GenericMeat;Text;;Cooked meat@Tender and juicy meat.;Thịt nướng@Thịt mềm và mọng nước.
Item/Cooked_Herring;Text;;Cooked  herring@Nice little snack.;Cá trích nướng@Món ăn vặt ngon.
Item/Cooked_Mackerel;Text;;Cooked mackerel@Fish is part of any healthy diet.;Cá thu nướng@Cá là một phần của chế độ ăn lành mạnh.
Item/Cooked_Pomfret;Text;;Cooked pomfret@Nice little snack.;Cá chim nướng@Món ăn vặt ngon.
Item/Cooked_Potato;Text;;Cooked potato@Nice little snack.;Khoai tây nướng@Món ăn vặt ngon.
Item/Cooked_Salmon;Text;;Cooked salmon@A solid meal.;Cá hồi nướng@Một bữa ăn chắc bụng.
Item/Cooked_Shark;Text;;Cooked shark@A solid meal.;Cá mập nướng@Một bữa ăn chắc bụng.
Item/Cooked_Tilapia;Text;;Cooked tilapia@Fish is part of any healthy diet.;Cá rô phi nướng@Cá là một phần của chế độ ăn lành mạnh.
Item/CopperIngot;Text;;Copper Ingot@Commonly used for electrical components.;Thỏi đồng@Thường dùng cho các linh kiện điện.
Item/CopperOre;Text;;Copper@Can be smelted into copper ingot.;Đồng@Có thể nung thành thỏi đồng.
Item/Crate;Text;;Crate;Thùng gỗ
Item/DevSpear;Text;;OP weapon@Cuts sushi like a boss.;Vũ khí siêu cấp@Cắt sushi như một cao thủ.
Item/Dirt;Text;;Dirt@Looks dirty.;Đất@Trông bẩn.
Item/DrinkingGlass;Text;;Drinking glass@Perfect for juice!;Ly uống nước@Hoàn hảo cho nước ép!
Item/DrumstickWithJam;Text;;Drumstick with jam@... who came up with this recipe?;Đùi gà sốt mứt@... ai nghĩ ra công thức này vậy?
Item/Egg;Text;;Egg@Generally used for cooking.;Trứng@Thường dùng để nấu ăn.
Item/ExplosiveGoo;Text;;Explosive goo@Can be dried in a smelter.;Chất nhờn dễ nổ@Có thể sấy khô trong lò nung.
Item/ExplosivePowder;Text;;Explosive powder@Handle with care.;Bột nổ@Xử lý cẩn thận.
Item/Feather;Text;;Feather@It's from a bird.;Lông vũ@Của một con chim.
Item/FishStew;Text;;Fish stew@A sturdier and tastier fish stew.;Súp cá@Một tô súp cá đậm đà và ngon hơn.
Item/FishingBait_Advanced;Text;;Advanced fishing bait@Has a peculiar look! Used by advanced anglers.;Mồi câu nâng cao@Có vẻ ngoài đặc biệt! Dùng bởi ngư dân nâng cao.
Item/FishingBait_Expert;Text;;Expert fishing bait@Glorius sheen! Used by expert anglers.;Mồi câu chuyên gia@Ánh lấp lánh tuyệt vời! Dùng bởi ngư dân chuyên gia.
Item/FishingBait_Simple;Text;;Simple fishing bait@Simple and efficient! Used by novice anglers.;Mồi câu đơn giản@Đơn giản và hiệu quả! Dùng bởi ngư dân mới.
Item/FishingRod;Text;;Fishing rod@Get some fish!;Cần câu cá@Câu vài con cá!
Item/FishingRod_Metal;Text;;Metal fishing rod@Sturdier and a bit more professional.;Cần câu kim loại@Chắc chắn hơn và chuyên nghiệp hơn một chút.
Item/Flipper;Text;;Flippers@Increases your speed underwater.;Chân vịt@Tăng tốc độ bơi dưới nước.
Item/Flower_Black;Text;;Black flower@Can be made into paint.;Hoa đen@Có thể làm thành sơn.
Item/Flower_Blue;Text;;Blue flower@Can be made into paint.;Hoa xanh dương@Có thể làm thành sơn.
Item/Flower_Red;Text;;Red flower@Can be made into paint.;Hoa đỏ@Có thể làm thành sơn.
Item/Flower_White;Text;;White flower@Can be made into paint.;Hoa trắng@Có thể làm thành sơn.
Item/Flower_Yellow;Text;;Yellow flower@Can be made into paint.;Hoa vàng@Có thể làm thành sơn.
Item/Foamspitter;Text;;Foamspitter@Tier 2. Time for bubbles.;Foamspitter@Bậc 2. Đến giờ phun bọt.
Item/FruitCompot;Text;;Fruit compot@Tastes extra good when you are tired of chewing meat.;Mứt trái cây@Ngon hơn hẳn khi bạn đã chán ăn thịt.
Item/GiantClam;Text;;Giant clam@A big clam.;Sò khổng lồ@Một con sò to.
Item/Glass;Text;;Glass@It's transparent.;Kính@Nó trong suốt.
Item/GlowShrimp;Text;;GlowShrimp@Tier 1. Glows less than you might think.;Tôm phát sáng@Bậc 1. Phát sáng ít hơn bạn tưởng.
Item/Hammer;Text;;Building Hammer@Useful for expanding your raft.;Búa xây dựng@Hữu ích để mở rộng bè.
Item/Hat_Captain;Text;;Captain's hat@Once belonged to a great captain.;Mũ thuyền trưởng@Từng thuộc về một thuyền trưởng vĩ đại.
Item/Hat_Chef;Text;;Chef's hat@If you prefer cooking to sailing.;Mũ đầu bếp@Nếu bạn thích nấu ăn hơn là đi biển.
Item/Hat_Construction;Text;;Construction helmet@Left behind by a construction worker.;Mũ bảo hộ xây dựng@Bị bỏ lại bởi một công nhân xây dựng.
Item/Hat_Dev;Text;;Developer hat@;Mũ nhà phát triển@
Item/Hat_Diving;Text;;Diving helmet@Somewhat airtight.;Mũ lặn@Khá kín khí.
Item/Hat_Fishing;Text;;Fishing hat@Lures for any occasion.;Mũ câu cá@Mồi câu cho mọi dịp.
Item/Hat_Glasses_Aviator;Text;;Sunglasses@For those sunny days.;Kính râm@Cho những ngày nắng.
Item/Hat_Glasses_Disguise;Text;;Disguise glasses@It might fool your friends, but it can't fool the shark.;Kính cải trang@Có thể lừa được bạn bè, nhưng không lừa được cá mập.
Item/Hat_Mayor;Text;;Mayor hat@Belonged to the mayor of Caravan Town.;Mũ thị trưởng@Từng thuộc về thị trưởng Caravan Town.
Item/Hat_Pilot;Text;;Pilot helmet@An old but fancy pilot helmet.;Mũ phi công@Một chiếc mũ phi công cũ nhưng sang trọng.
Item/Hat_Pirate;Text;;Pirate hat@Ahoy, set sail!;Mũ cướp biển@Ơi hỡi, giong buồm ra khơi!
Item/Hat_Sailor;Text;;Sailor hat@A true hat for a true sailor.;Mũ thủy thủ@Chiếc mũ đích thực cho thủy thủ đích thực.
Item/Hat_Tiki;Text;;Tiki mask@Mysterious wooden mask.;Mặt nạ Tiki@Chiếc mặt nạ gỗ bí ẩn.
Item/HeadBroth;Text;;Head broth@A tad scary but nutritious broth.;Nước dùng đầu cá@Một tô nước dùng hơi đáng sợ nhưng bổ dưỡng.
Item/HeadLight;Text;;Head light@Useful when exploring dark places.;Đèn đội đầu@Hữu ích khi khám phá nơi tối tăm.
Item/HeadLight_Advanced;Text;;Advanced head light@Reliable and excellent battery lifetime.;Đèn đội đầu nâng cao@Đáng tin cậy và tuổi thọ pin xuất sắc.
Item/HealingSalve;Text;;Healing salve@Soothes and restores your wounds.;Thuốc mỡ hồi phục@Xoa dịu và hồi phục vết thương.
Item/HealingSalve_Good;Text;;Good healing salve@Soothes and restores your wounds.;Thuốc mỡ hồi phục tốt@Xoa dịu và hồi phục vết thương.
Item/HeartyStew;Text;;Hearty stew@A mysterious stew that lets you evade death, once.;Súp bổ dưỡng@Một tô súp bí ẩn cho phép bạn tránh khỏi cái chết, một lần.
Item/Hinge;Text;;Hinge@It's two metal plates... That bend.;Bản lề@Đó là hai tấm kim loại... uốn cong được.
Item/Honey;Text;;Honey@Tastes yummy and can be used to create biofuel.;Mật ong@Ngon và có thể dùng để tạo nhiên liệu sinh học.
Item/HoneyComb;Text;;Honeycomb@Can be used to create honey jars.;Sáp ong@Có thể dùng để tạo lọ mật ong.
Item/Hook_Plastic;Text;;Plastic hook@Use this amazing item to catch debris floating by in the ocean!;Móc câu nhựa@Dùng vật phẩm tuyệt vời này để bắt mảnh vụn trôi nổi trên biển!
Item/Hook_Scrap;Text;;Scrap hook@This is basically the same as the plastic hook but better. It's faster, more durable and can be thrown farther.;Móc câu phế liệu@Về cơ bản giống móc câu nhựa nhưng tốt hơn. Nhanh hơn, bền hơn và ném xa hơn.
Item/Hook_Titanium;Text;;Titanium hook@The ultimate hook for any rafter.;Móc câu titan@Chiếc móc câu tối thượng cho bất kỳ người lái bè nào.
Item/HyenaBossHead;Text;;Alpha's head@It was tough, but you beat it!;Đầu Alpha@Nó rất khó nhằn, nhưng bạn đã đánh bại nó!
Item/HyenaHead;Text;;Hyena head@Looks good on a trophy board.;Đầu linh cẩu@Trông đẹp khi treo trên bảng chiến lợi phẩm.
Item/Item;Text;;Item;Vật phẩm
Item/Juniper;Text;;Juniper@A life changing berry.;Quả bách xù@Một loại quả mọng thay đổi cuộc đời.
Item/Leather;Text;;Leather@Tanned hide.;Da thuộc@Da đã được thuộc.
Item/LeatherChest;Text;;Leather body armor@Protects your upper body.;Giáp da phần thân@Bảo vệ phần thân trên.
Item/LeatherHelmet;Text;;Leather helmet@Protects your precious brain.;Mũ da@Bảo vệ bộ não quý giá của bạn.
Item/LeatherLegs;Text;;Leather greaves@Reduces wood splinters.;Giáp chân da@Giảm dằm gỗ.
Item/Leftover;Text;;Leftovers@This meal did not turn out very well.;Đồ ăn thừa@Món ăn này không thành công lắm.
Item/LionFish;Text;;LionFish@Tier 3. Toxic and pointy.;Cá sư tử@Bậc 3. Độc và nhọn.
Item/Lunarfish;Text;;Lunarfish@Tier 3. Reminiscent of the moon.;Cá mặt trăng@Bậc 3. Gợi nhớ đến mặt trăng.
Item/Machete;Text;;Machete@Sharp enough to cut through vegetation.;Dao rựa@Đủ sắc để chặt xuyên qua cây cỏ.
Item/MamaBearHead;Text;;Mama bear head@She was tough but not immortal!;Đầu gấu mẹ@Nó khó nhằn nhưng không bất tử!
Item/Mango;Text;;Mango@Quenches thirst and soothes hunger.;Xoài@Giải khát và đỡ đói.
Item/Mangonana;Text;;Mangonana@Mango or banan? Take both!;Xoài chuối@Xoài hay chuối? Lấy cả hai!
Item/MetalDetector;Text;;Metal detector@Helpful for finding precious metal. Bring a shovel!;Máy dò kim loại@Hữu ích để tìm kim loại quý. Mang theo xẻng!
Item/MetalIngot;Text;;Metal ingot@It's shiny.;Thỏi kim loại@Nó sáng bóng.
Item/MetalOre;Text;;Metal ore@Could be smelted into something better.;Quặng kim loại@Có thể nung thành thứ gì đó tốt hơn.
Item/MushroomOmelette;Text;;Mushroom omelette@A favorite of the breakfast community.;Trứng ốp la nấm@Món ăn sáng được yêu thích.
Item/Nail;Text;;Nail@Good for putting things together.;Đinh@Tốt để ghép mọi thứ lại với nhau.
Item/Nametag;Text;;Nametag@In memory of...;Bảng tên@Để tưởng nhớ...
Item/NetCanister;Text;;Net canister@Used together with the net launcher.;Ống chứa lưới@Dùng cùng với súng bắn lưới.
Item/NetGun;Text;;Net launcher@Aim at an animal to catch it.;Súng bắn lưới@Nhắm vào động vật để bắt nó.
Item/NetNibbler;Text;;Netnibbler@Tier 1. Better here than on one of the nets.;Netnibbler@Bậc 1. Ở đây tốt hơn là trên một trong các tấm lưới.
Item/Note;Text;;Note@;Ghi chú@
Item/OxygenBubble;Text;;Oxygen bubble@A breath of fresh air.;Bong bóng oxy@Một hơi thở trong lành.
Item/Package;Text;;Decoration package@It's the inside that matters.;Gói trang trí@Bên trong mới là điều quan trọng.
Item/Paddle;Text;;Paddle@Has your raft gotten stuck? This will help!;Mái chèo@Bè của bạn bị mắc kẹt à? Cái này sẽ giúp được!
Item/PaintBrush;Text;;Paint brush@Turn your raft into a colorful home!;Cọ sơn@Biến bè của bạn thành ngôi nhà đầy màu sắc!
Item/Pebbles;Text;;Pebble@A smaller stone, perfectly shaped for throwing.;Sỏi@Một viên đá nhỏ, hình dáng hoàn hảo để ném.
Item/Pentapus;Text;;Pentapus@Tier 3. Two of these, and you have a Tentapus.;Pentapus@Bậc 3. Hai con này ghép lại thành một Tentapus.
Item/Pineapple;Text;;Pineapple@Quenches thirst and soothes hunger.;Dứa@Giải khát và đỡ đói.
Item/PinkPike;Text;;Pink Pike@Tier 3. Whoa, pink!;Cá chó hồng@Bậc 3. Ồ, màu hồng!
Item/Plank;Text;;Plank@A simple plank.;Ván gỗ@Một tấm ván đơn giản.
Item/Plastic;Text;;Plastic@Yep. It's plastic.;Nhựa@Đúng vậy. Đó là nhựa.
Item/PlasticBottle_Empty;Text;;Empty bottle@Can be filled with lots of water.;Chai rỗng@Có thể đổ đầy nước.
Item/PlasticBottle_SaltWater;Text;;Bottle of salt water@Drinking saltwater is not very good. Can be turned into fresh water.;Chai nước mặn@Uống nước mặn không tốt lắm. Có thể lọc thành nước ngọt.
Item/PlasticBottle_Water;Text;;Bottle of fresh water@Fresh water is very important on the ocean.;Chai nước ngọt@Nước ngọt rất quan trọng trên biển.
Item/PlasticCup_Empty;Text;;Empty cup@Can be filled with some water.;Cốc rỗng@Có thể đổ đầy một ít nước.
Item/PlasticCup_SaltWater;Text;;Cup of salt water@Drinking saltwater is not very good. Can be turned into fresh water.;Cốc nước mặn@Uống nước mặn không tốt lắm. Có thể lọc thành nước ngọt.
Item/PlasticCup_Water;Text;;Cup of fresh water@Fresh water is very important on the ocean.;Cốc nước ngọt@Nước ngọt rất quan trọng trên biển.
Item/PoisonPuffer;Text;;Poison-puffer;Cá nóc độc
Item/PoisonPufferHead;Text;;Poison-puffer head@Just a Poison-puffer head.;Đầu cá nóc độc@Chỉ là một cái đầu cá nóc độc.
Item/PolarBearHead;Text;;Polar bear head@Looks good on a trophy board.;Đầu gấu Bắc Cực@Trông đẹp khi treo trên bảng chiến lợi phẩm.
Item/Pufferlisk;Text;;Pufferlisk@Tier 2. Reminiscent of another seacreature. ;Pufferlisk@Bậc 2. Gợi nhớ đến một sinh vật biển khác.
Item/RainbowLobster;Text;;Rainbow Lobster@Tier 3. Magnificent colors!;Tôm hùm cầu vồng@Bậc 3. Màu sắc tuyệt đẹp!
Item/Raw_Beet;Text;;Raw beet@Can be cooked or planted for more beets. Fits in a small crop plot.;Củ dền thô@Có thể nấu hoặc trồng để có thêm củ dền. Vừa với luống trồng nhỏ.
Item/Raw_Catfish;Text;;Raw catfish@One would need a big fire to cook this thing...;Cá trê thô@Cần một ngọn lửa lớn để nấu chín thứ này...
Item/Raw_Drumstick;Text;;Raw drumstick@Apparently these are found on birds.;Đùi gà thô@Rõ ràng thứ này được tìm thấy trên chim.
Item/Raw_GenericMeat;Text;;Raw meat@Meat tastes better when cooked.;Thịt thô@Thịt sẽ ngon hơn khi nấu chín.
Item/Raw_Herring;Text;;Raw herring@Could be bigger.;Cá trích thô@Có thể to hơn.
Item/Raw_Mackerel;Text;;Raw mackerel@Fresh from the ocean.;Cá thu thô@Tươi mới từ đại dương.
Item/Raw_Pomfret;Text;;Raw pomfret@Why so small?;Cá chim thô@Sao lại nhỏ vậy?
Item/Raw_Potato;Text;;Raw potato@Can be cooked or planted for more potatoes. Fits in a small crop plot.;Khoai tây thô@Có thể nấu hoặc trồng để có thêm khoai tây. Vừa với luống trồng nhỏ.
Item/Raw_Salmon;Text;;Raw salmon@One would need a big fire to cook this thing...;Cá hồi thô@Cần một ngọn lửa lớn để nấu chín thứ này...
Item/Raw_Shark;Text;;Raw sharkmeat@It sort of looks like a boomerang.;Thịt cá mập thô@Nó trông hơi giống chiếc boomerang.
Item/Raw_Tilapia;Text;;Raw tilapia@This thing is funny looking.;Cá rô phi thô@Thứ này trông buồn cười.
Item/Recipe_BBQ;Text;;Recipe: BBQ@A recipe that can be cooked in a pot;Công thức: Đồ nướng@Một công thức có thể nấu trong nồi
Item/Recipe_CatfishDeluxe;Text;;Recipe: Catfish deluxe@A recipe that can be cooked in a pot. Makes you run faster.;Công thức: Cá trê đặc biệt@Một công thức có thể nấu trong nồi. Giúp bạn chạy nhanh hơn.
Item/Recipe_CoconutBeat;Text;;Recipe: Coconut beat@A recipe that can be made in a juicer.;Công thức: Sinh tố dừa@Một công thức có thể làm trong máy ép trái cây.
Item/Recipe_CoconutChicken;Text;;Recipe: Coconut chicken@A recipe that can be cooked in a pot.;Công thức: Gà nấu dừa@Một công thức có thể nấu trong nồi.
Item/Recipe_DrumstickWithJam;Text;;Recipe: Drumstick with jam@A recipe that can be cooked in a pot.;Công thức: Đùi gà sốt mứt@Một công thức có thể nấu trong nồi.
Item/Recipe_FishStew;Text;;Recipe: Fish stew@A recipe that can be cooked in a pot.;Công thức: Súp cá@Một công thức có thể nấu trong nồi.
Item/Recipe_FruitCompot;Text;;Recipe: Fruit compot@A recipe that can be cooked in a pot.;Công thức: Mứt trái cây@Một công thức có thể nấu trong nồi.
Item/Recipe_HeadBroth;Text;;Recipe: Head broth@A recipe that can be cooked in a pot.;Công thức: Nước dùng đầu cá@Một công thức có thể nấu trong nồi.
Item/Recipe_HeartyStew;Text;;Recipe: Hearty stew@A recipe that can be cooked in a pot. A mysterious stew that lets you evade death, once.;Công thức: Súp bổ dưỡng@Một công thức có thể nấu trong nồi. Một tô súp bí ẩn cho phép bạn tránh khỏi cái chết, một lần.
Item/Recipe_Mangonana;Text;;Recipe: Mangonana@A recipe that can be made in a juicer.;Công thức: Xoài chuối@Một công thức có thể làm trong máy ép trái cây.
Item/Recipe_MushroomOmelette;Text;;Recipe: Mushroom omelette@A recipe that can be cooked in a pot.;Công thức: Trứng ốp la nấm@Một công thức có thể nấu trong nồi.
Item/Recipe_RedMelon;Text;;Recipe: Red melon@A recipe that can be made in a juicer.;Công thức: Dưa đỏ@Một công thức có thể làm trong máy ép trái cây.
Item/Recipe_RedbeetShot;Text;;Recipe: Redbeet shot@A recipe that can be made in a juicer. Adds some extra hearts to your life.;Công thức: Nước ép củ dền@Một công thức có thể làm trong máy ép trái cây. Thêm chút sinh lực cho cuộc sống.
Item/Recipe_SalmonSalad;Text;;Recipe: Salmon salad@A recipe that can be cooked in a pot. A healthy salad that increases your lung capacity.;Công thức: Salad cá hồi@Một công thức có thể nấu trong nồi. Một món salad lành mạnh giúp tăng dung tích phổi.
Item/Recipe_SharkDinner;Text;;Recipe: Shark dinner@A recipe that can be cooked in a pot.;Công thức: Bữa tối cá mập@Một công thức có thể nấu trong nồi.
Item/Recipe_SilverSmoothie;Text;;Recipe: Silver smoothie@A recipe that can be made in a juicer.;Công thức: Sinh tố bạc@Một công thức có thể làm trong máy ép trái cây.
Item/Recipe_SimpleFishStew;Text;;Recipe: Simple fish stew@A recipe that can be cooked in a pot.;Công thức: Súp cá đơn giản@Một công thức có thể nấu trong nồi.
Item/Recipe_SimpleSmoothie;Text;;Recipe: Simple smoothie@A recipe that can be made in a juicer.;Công thức: Sinh tố đơn giản@Một công thức có thể làm trong máy ép trái cây.
Item/Recipe_SpicyPineberry;Text;;Recipe: Spicy pineberry@A recipe that can be made in a juicer. Makes you swim faster.;Công thức: Dâu dứa cay@Một công thức có thể làm trong máy ép trái cây. Giúp bạn bơi nhanh hơn.
Item/Recipe_SteakWithJam;Text;;Recipe: Steak with jam@A recipe that can be cooked in a pot;Công thức: Bít tết sốt mứt@Một công thức có thể nấu trong nồi
Item/Recipe_StrawberryColada;Text;;Recipe: Strawberry colada@A recipe that can be made in a juicer.;Công thức: Dâu tây colada@Một công thức có thể làm trong máy ép trái cây.
Item/Recipe_Sushi;Text;;Recipe: Sushi@A recipe that can be cooked in a pot;Công thức: Sushi@Một công thức có thể nấu trong nồi
Item/Recipe_VegetableSoup;Text;;Recipe: Vegetable soup@A recipe that can be cooked in a pot.;Công thức: Súp rau củ@Một công thức có thể nấu trong nồi.
Item/RedMelon;Text;;Red melon@A refreshing drink for a hot summer day.;Dưa đỏ@Một loại nước uống mát lạnh cho ngày hè nóng bức.
Item/RedbeetShot;Text;;Redbeet shot@Adds some extra hearts to your life.;Nước ép củ dền@Thêm chút sinh lực cho cuộc sống.
Item/RhinoSharkTrophy;Text;;Rhino shark trophy@Too big to fit on a trophy board.;Chiến lợi phẩm cá mập tê giác@Quá to để treo trên bảng chiến lợi phẩm.
Item/Rope;Text;;Rope@Could be used to tie a knot. Made from palm leaves.;Dây thừng@Có thể dùng để buộc nút. Làm từ lá cọ.
Item/SalmonSalad;Text;;Salmon salad@A healthy sallad that increases your lung capacity.;Salad cá hồi@Một món salad lành mạnh giúp tăng dung tích phổi.
Item/Sand;Text;;Sand@Apparently turns into glass when smelted.;Cát@Có vẻ biến thành thủy tinh khi nung.
Item/Scrap;Text;;Scrap@Some old parts from... something?;Phế liệu@Vài mảnh cũ từ... thứ gì đó?
Item/Screecher;Text;;Screecher;Screecher
Item/ScreecherHead;Text;;Screecher head@To remember it by.;Đầu Screecher@Để tưởng nhớ nó.
Item/ScreecherHead_Caravan;Text;;White screecher head@A subspecies of Screechers.;Đầu Screecher trắng@Một phân loài của Screecher.
Item/SeaVine;Text;;Seaweed@Can be put into a smelter to turn into goo.;Rong biển@Có thể đưa vào lò nung để biến thành chất nhờn.
Item/Seagull;Text;;Seagull;Hải âu
Item/Seed_Banana;Text;;Banana seed@Add water to get a banana plant. Fits in a large crop plot.;Hạt giống chuối@Thêm nước để có cây chuối. Vừa với luống trồng lớn.
Item/Seed_Birch;Text;;Birch seed@Add water to get a birch tree. Fits in a large crop plot.;Hạt giống bạch dương@Thêm nước để có cây bạch dương. Vừa với luống trồng lớn.
Item/Seed_Black;Text;;Black seed@Add water to get a flower. Fits in a small crop plot.;Hạt giống đen@Thêm nước để có một bông hoa. Vừa với luống trồng nhỏ.
Item/Seed_Blue;Text;;Blue seed@Add water to get a flower. Fits in a small crop plot.;Hạt giống xanh dương@Thêm nước để có một bông hoa. Vừa với luống trồng nhỏ.
Item/Seed_Mango;Text;;Mango seed@Add water to get a mango tree. Fits in a large crop plot.;Hạt giống xoài@Thêm nước để có cây xoài. Vừa với luống trồng lớn.
Item/Seed_Palm;Text;;Palm seed@Add water to get a palm tree. Fits in a large crop plot.;Hạt giống cọ@Thêm nước để có cây cọ. Vừa với luống trồng lớn.
Item/Seed_Pine;Text;;Pinecone@Add water to get a pinetree. Fits in a large crop plot.;Nón thông@Thêm nước để có cây thông. Vừa với luống trồng lớn.
Item/Seed_Pineapple;Text;;Pineapple seed@Add water to get a pineapple. Fits in a medium crop plot.;Hạt giống dứa@Thêm nước để có quả dứa. Vừa với luống trồng vừa.
Item/Seed_Red;Text;;Red seed@Add water to get a flower. Fits in a small crop plot.;Hạt giống đỏ@Thêm nước để có một bông hoa. Vừa với luống trồng nhỏ.
Item/Seed_Strawberry;Text;;Strawberry seed@Add water to get a strawberry. Fits in a small crop plot.;Hạt giống dâu tây@Thêm nước để có quả dâu tây. Vừa với luống trồng nhỏ.
Item/Seed_Watermelon;Text;;Watermelon seed@Add water to get a watermelon. Fits in a medium crop plot.;Hạt giống dưa hấu@Thêm nước để có quả dưa hấu. Vừa với luống trồng vừa.
Item/Seed_White;Text;;White seed@Add water to get a flower. Fits in a small crop plot.;Hạt giống trắng@Thêm nước để có một bông hoa. Vừa với luống trồng nhỏ.
Item/Seed_Yellow;Text;;Yellow seed@Add water to get a flower. Fits in a small crop plot.;Hạt giống vàng@Thêm nước để có một bông hoa. Vừa với luống trồng nhỏ.
Item/SharkBait;Text;;Shark bait@Keep the shark busy!;Mồi cá mập@Giữ cho cá mập bận rộn!
Item/SharkDinner;Text;;Shark dinner@Enough food to feed three people. Can you eat it by yourself?;Bữa tối cá mập@Đủ thức ăn cho ba người. Bạn có thể tự ăn hết không?
Item/SharkEater;Text;;Sharkeater@Tier 3. Well, Bruce does not seem to mind.;Sharkeater@Bậc 3. Ồ, Bruce có vẻ không phiền.
Item/SharkHead;Text;;Shark head@Where did the rest of the shark go?;Đầu cá mập@Phần còn lại của con cá mập đi đâu rồi?
Item/SharpCarp;Text;;Sharp Carp@Tier 1. Pointy!;Cá chép nhọn@Bậc 1. Nhọn!
Item/Shear;Text;;Shears@Cuts wool extremely well.;Kéo cắt lông@Cắt lông cừu cực tốt.
Item/Shovel;Text;;Shovel@Useful to obtain dirt.;Xẻng@Hữu ích để lấy đất.
Item/Shovel_Titanium;Text;;Titanium shovel@Sturdier than a normal showel.;Xẻng titan@Chắc chắn hơn xẻng thường.
Item/Sign;Text;;Sign@You can write whatever you wish on this.;Biển hiệu@Bạn có thể viết bất cứ điều gì bạn muốn lên đây.
Item/SilverAlgae;Text;;Silver algae@Has a quite bitter taste.;Tảo bạc@Có vị hơi đắng.
Item/SilverSmoothie;Text;;Silver smoothie@A healthy drink.;Sinh tố bạc@Một thức uống lành mạnh.
Item/SimpleFishStew;Text;;Simple fish stew@Smells fishy but tastes OK.;Súp cá đơn giản@Có mùi tanh nhưng vị ổn.
Item/SimpleSmoothie;Text;;Simple smoothie@A standard smoothie, but delicious.;Sinh tố đơn giản@Một ly sinh tố bình thường nhưng ngon.
Item/Simple_Battery;Text;;Simple Battery@Used to power electrical machines.;Pin đơn giản@Dùng để cấp điện cho máy móc.
Item/Spear_Scrap;Text;;Metal Spear@An even greater device for poking things.;Giáo kim loại@Một công cụ đâm chọc tốt hơn nữa.
Item/Spear_Wood;Text;;Wooden spear@A great device for poking things.;Giáo gỗ@Một công cụ tuyệt vời để đâm chọc.
Item/SpicyPineberry;Text;;Spicy pineberry@Makes you swim faster.;Dâu dứa cay@Giúp bạn bơi nhanh hơn.
Item/SteakWithJam;Text;;Steak with jam@A straight forward meal.;Bít tết sốt mứt@Một bữa ăn đơn giản.
Item/Stone;Text;;Stone@Heavy...;Đá@Nặng...
Item/Strawberry;Text;;Strawberry@A great source for vitamin C.;Dâu tây@Nguồn vitamin C tuyệt vời.
Item/StrawberryColada;Text;;Strawberry colada@Taste like a relaxing day on the beach.;Dâu tây colada@Có vị như một ngày thư giãn trên bãi biển.
Item/Sushi;Text;;Sushi@Where did the rice come from?;Sushi@Cơm này từ đâu ra vậy?
Item/SweepNet;Text;;Sweep net@Useful for catching bugs.;Vợt bắt côn trùng@Hữu ích để bắt côn trùng.
Item/Sword_Titanium;Text;;Titanium sword@The greatest device for poking and cutting things.;Kiếm titan@Công cụ tuyệt nhất để đâm và cắt mọi thứ.
Item/Thatch;Text;;Palm Leaf@Could be useful, maybe for making ropes?;Lá cọ@Có thể hữu ích, có lẽ để làm dây thừng?
Item/Titanium;Text;;Titanium@;Titan@
Item/TitaniumIngot;Text;;Titanium ingot@It's sooo heavy.;Thỏi titan@Nó nặng ơi là nặng.
Item/TitaniumOre;Text;;Titanium ore@Can be smelted into titanium ingot.;Quặng titan@Có thể nung thành thỏi titan.
Item/TitaniumTools;Text;;Titanium tools@;Công cụ titan@
Item/TradeToken;Text;;Trade coin@Used as currency at the trading post.;Đồng xu giao thương@Dùng làm tiền tệ tại trạm giao thương.
Item/TrapSnapper;Text;;Trap Snapper@Tier 2. A toe might go missing if you're not careful.;Trap Snapper@Bậc 2. Ngón chân có thể biến mất nếu bạn không cẩn thận.
Item/TrashCube;Text;;Trash cube@Used as currency at the trading post.;Khối rác nén@Dùng làm tiền tệ tại trạm giao thương.
Item/TrophyBoard_Large;Text;;Large trophy board@You can place your catch on this!;Bảng chiến lợi phẩm lớn@Bạn có thể đặt chiến lợi phẩm của mình lên đây!
Item/TrophyBoard_Medium;Text;;Medium trophy board@You can place your catch on this!;Bảng chiến lợi phẩm vừa@Bạn có thể đặt chiến lợi phẩm của mình lên đây!
Item/TrophyBoard_Small;Text;;Small trophy board@You can place your catch on this!;Bảng chiến lợi phẩm nhỏ@Bạn có thể đặt chiến lợi phẩm của mình lên đây!
Item/Turmeric;Text;;Turmeric@Spice up your food.;Nghệ@Thêm gia vị cho món ăn.
Item/VegetableSoup;Text;;Vegetable soup@A mixture of vegetables to keep you warm.;Súp rau củ@Hỗn hợp rau củ giúp bạn giữ ấm.
Item/VineGoo;Text;;Vine goo@A bit like glue.;Chất nhờn dây leo@Hơi giống keo dán.
Item/Watermelon;Text;;Watermelon@Quenches thirst and soothes hunger.;Dưa hấu@Giải khát và đỡ đói.
Item/Wool;Text;;Wool@Wow... it's sooo soft.;Len@Wow... nó mềm ơi là mềm.
Item/ZiplineTool;Text;;Zipline tool@Equipping it allows you to ride on ziplines.;Dụng cụ zipline@Trang bị nó để có thể đu trên zipline.
Item/ZiplineToolElectric;Text;;Electric zipline tool@Equipping it allows you to ride up or down on ziplines.;Dụng cụ zipline điện@Trang bị nó để có thể đu lên hoặc xuống trên zipline.
LoadMenu/EnteringMenu;Text;;Entering Main Menu;Đang vào Menu chính
LoadMenu/EnteringWorld;Text;;Entering World;Đang vào server
LoadMenu/InitingAssets;Text;;Initializing assets;Đang khởi tạo tài nguyên
LoadMenu/Load;Text;;Loading...;Đang tải...
LoadMenu/LoadingAssets;Text;;Loading assets;Đang tải tài nguyên
LoadMenu/LoadingMenu;Text;;Leaving world;Đang rời server
LoadMenu/LoadingWorld;Text;;Loading world;Đang tải server
LoadMenu/Tip0;Text;;Make sure to anchor your raft before exploring an island!;Hãy nhớ neo bè trước khi khám phá đảo!
LoadMenu/Tip1;Text;;Cooked food is more nutritious!;Thức ăn đã nấu chín bổ dưỡng hơn!
LoadMenu/Tip10;Text;;;""""
LoadMenu/Tip2;Text;;Expand your raft by using the building hammer!;Mở rộng bè của bạn bằng búa xây dựng!
LoadMenu/Tip3;Text;;Blueprints found in the world are automatically added to your research table!;Bản thiết kế tìm thấy trong thế giới sẽ tự động thêm vào bàn nghiên cứu!
LoadMenu/Tip4;Text;;Shark baits are useful when exploring reefs!;Mồi câu cá mập rất hữu ích khi khám phá rạn san hô!
LoadMenu/Tip5;Text;;Sharks wont eat foundation armor!;Cá mập không ăn được giáp nền tảng!
LoadMenu/Tip6;Text;;Make sure to keep your distance from puffer fishes when they explode!;Hãy giữ khoảng cách với cá nóc khi chúng phát nổ!
LoadMenu/Tip7;Text;;Want to play with others? Join our discord server to find new friends!;Muốn chơi cùng người khác? Tham gia discord của chúng tôi để kết bạn mới!
LoadMenu/Tip8;Text;;Sleeping in a bed allows you to skip night time!;Ngủ trên giường giúp bạn bỏ qua ban đêm!
LoadMenu/Tip9;Text;;;""""
Menu/Accept;Text;;Accept;Đồng ý
Menu/AdditionalSound;Text;;Additional sound fx by:;Hiệu ứng âm thanh bổ sung bởi:
Menu/AllowFriends;Text;;Allow friends to join?;Cho phép bạn bè tham gia?
Menu/Apply;Text;;Apply;Áp dụng
Menu/Artist;Text;;Artist;Họa sĩ
Menu/AuthAllowAll;Text;;Everybody can join;Mọi người đều có thể tham gia
Menu/AuthAllowFriends;Text;;Friends can join;Bạn bè có thể tham gia
Menu/AuthAllowNone;Text;;Nobody can join;Không ai được tham gia
Menu/AuthInviteOnly;Text;;Invite Only;Chỉ mời riêng
Menu/Back;Text;;Back;Quay lại
Menu/Block;Text;;Block;Chặn
Menu/Blocked;Text;;Blocked;Đã chặn
Menu/BlockedByHost;Text;;Blocked by the host;Bị chủ phòng chặn
Menu/CommunityManager;Text;;Community Manager;Quản lý cộng đồng
Menu/ConnectFail;Text;;Failed to join world;Không thể tham gia server
Menu/ConnectFail_MissmatchID;Text;;Your game version does not match the hosts game version;Phiên bản trò chơi của bạn không khớp với chủ phòng
Menu/ConnectFail_NotFriendWithHost;Text;;You are not friends with host;Bạn không phải là bạn bè với chủ phòng
Menu/ConnectFail_Password;Text;;Wrong password;Sai mật khẩu
Menu/ConnectTimeout;Text;;Connection timed out;Kết nối hết thời gian chờ
Menu/Connecting;Text;;Connecting;Đang kết nối
Menu/CreateNewWorld;Text;;Create new world;Tạo server mới
Menu/CreateWorldButton;Text;;Create world;Tạo server
Menu/Credits;Text;;Credits;Ghi công
Menu/Credits/;Text;;;""""
Menu/Credits/AccountExecutive;Text;;Account Executive;Account Executive
Menu/Credits/CastingAssistant;Text;;Casting Assistant;Trợ lý tuyển vai
Menu/Credits/CastingDirector;Text;;Casting Director;Đạo diễn tuyển vai
Menu/Credits/DialogueEditor;Text;;Dialogue Editor;Biên tập lời thoại
Menu/Credits/HeadOfPostproduction;Text;;Head of Postproduction;Trưởng phòng hậu kỳ
Menu/Credits/HeadOfProduction;Text;;Head of Production;Trưởng phòng sản xuất
Menu/Credits/JuniorProductionManager;Text;;Junior Production Manager;Quản lý sản xuất cấp dưới
Menu/Credits/MayaVoice;Text;;Voice actor - Maya;Lồng tiếng - Maya
Menu/Credits/ProductionSupport;Text;;Production Support;Hỗ trợ sản xuất
Menu/Credits/RouhiVoice;Text;;Voice actor - Rouhi;Lồng tiếng - Rouhi
Menu/Credits/Story;Text;;Game Writer;Biên kịch
Menu/Credits/VoiceDirector;Text;;Voice Director;Đạo diễn lồng tiếng
Menu/Credits/VoiceRecordingEngineers;Text;;Voice Recording Engineers;Kỹ sư thu âm lồng tiếng
Menu/Crossplay;Text;;Crossplay;Chơi chéo nền tảng
Menu/Delete;Text;;Delete;Xóa
Menu/DeleteWorldButton;Text;;Delete;Xóa
Menu/Developer;Text;;Developer:;Nhà phát triển:
Menu/Difficulty;Text;;Difficulty;Độ khó
Menu/DisableVoiceChat;Text;;Disable Voicechat;Tắt chat thoại
Menu/DisabledCommunications;Text;;Communication with other players is disabled;Giao tiếp với người chơi khác đã bị vô hiệu hóa
Menu/Disconnected;Text;;Host left;Chủ phòng đã rời đi
Menu/DoYouWantToSave;Text;;Do you want to save before you exit?;Bạn có muốn lưu trước khi thoát?
Menu/Done;Text;;Done;Xong
Menu/EmptyName;Text;;Name can't be empty;Tên không được để trống
Menu/EnterText;Text;;Enter text...;Nhập văn bản...
Menu/Exit;Text;;Exit;Thoát
Menu/ExitGame;Text;;Exit game?;Thoát trò chơi?
Menu/FemaleVoice;Text;;Female voice;Giọng nữ
Menu/Fishing/BaitMenuFishingBait;Text;;Fishing bait;Mồi câu cá
Menu/Fishing/OpenBaitMenu;Text;;Choose bait;Chọn mồi câu
Menu/Friends;Text;;Friends;Bạn bè
Menu/HelpCenter;Text;;Help center;Trung tâm trợ giúp
Menu/Host;Text;;Host;Chủ phòng
Menu/HostConnectionFailed;Text;;Trying to connect to host...;Đang thử kết nối tới chủ phòng...
Menu/Ignore;Text;;Ignore;Bỏ qua
Menu/InvalidName;Text;;Name is invalid;Tên không hợp lệ
Menu/Invite;Text;;Send Invite;Gửi lời mời
Menu/IssuesConnecting;Text;;Having issues connecting;Gặp sự cố khi kết nối
Menu/JoinGame;Text;;Join world;Tham gia server
Menu/LastPlayed;Text;;Last played;Chơi lần cuối
Menu/LoadWorld;Text;;Load world;Tải server
Menu/Lobby;Text;;Lobby;Phòng chờ
Menu/LostConnection;Text;;"Disconnected from Steam.
Restart Raft and try again.";"Mất kết nối tới Steam.
Hãy khởi động lại Raft và thử lại."
Menu/LostConnectionToInternet;Text;;Lost connection to internet;Mất kết nối internet
Menu/LostConnectionToPSN;Text;;Lost connection to PSN;Mất kết nối tới PSN
Menu/LostConnectionToXboxLive;Text;;Lost connection to Xbox live;Mất kết nối tới Xbox Live
Menu/MainMenu;Text;;Main menu;Menu chính
Menu/MaleVoice;Text;;Male voice;Giọng nam
Menu/MaxWorlds;Text;;Maximum worlds created;Đã đạt số server tối đa
Menu/Music;Text;;Music;Âm nhạc
Menu/Mute;Text;;Mute Player;Cấm chat người chơi
Menu/MuteMicrophone;Text;;Mute Microphone;Tắt micro
Menu/NameExists;Text;;Name already exists;Tên đã tồn tại
Menu/New;Text;;New;Mới
Menu/NewWorld;Text;;New world;server mới
Menu/Next;Text;;Next;Tiếp theo
Menu/No;Text;;No;Không
Menu/NoFriends;Text;;Host not allowing friends to join;Chủ phòng không cho phép bạn bè tham gia
Menu/NoFriendsOnline;Text;;No friends online;Không có bạn bè nào online
Menu/NoGamesFound;Text;;No worlds could be found.;Không tìm thấy server nào.
Menu/NoOnlineConnection;Text;;"No connection to steam.
Refresh or restart Raft and try again.";"Không có kết nối tới Steam.
Hãy làm mới hoặc khởi động lại Raft và thử lại."
Menu/OfflineMode;Text;;Online features not available in offline mode;Tính năng online không khả dụng ở chế độ ngoại tuyến
Menu/OfflineWarning;Text;;No connection to steam. Some features will not work without an internet connection.;Không có kết nối tới Steam. Một số tính năng sẽ không hoạt động nếu không có kết nối internet.
Menu/OpenWorldFolder;Text;;Open world folder path;Mở đường dẫn thư mục server
Menu/Password;Text;;Password;Mật khẩu
Menu/Permanently;Text;;Permanently;Vĩnh viễn
Menu/Player;Text;;Player;Người chơi
Menu/PlayerCount;Text;;Player Count;Số người chơi
Menu/PressToContinue;Text;;Press to continue;Nhấn để tiếp tục
Menu/Previous;Text;;Previous;Trước
Menu/Primary;Text;;Primary;Chính
Menu/Profile;Text;;Profile;Hồ sơ
Menu/Programmer;Text;;Programmer;Lập trình viên
Menu/Publisher;Text;;Publisher:;Nhà phát hành:
Menu/RaftBuiltBy;Text;;Raft built by: {[RaftBuiltByName]};Raft được xây dựng bởi: {[RaftBuiltByName]}
Menu/ReallyUnstuck;Text;;Teleport to safe location?;Dịch chuyển tới vị trí an toàn?
Menu/RefreshButton;Text;;Refresh;Làm mới
Menu/Report;Text;;Report;Báo cáo
Menu/ReturnToGame;Text;;Return to game;Quay lại trò chơi
Menu/SaveWorld;Text;;Save world;Lưu server
Menu/Secondary;Text;;Secondary;Phụ
Menu/Select;Text;;Select;Chọn
Menu/Settings;Text;;Settings;Cài đặt
Menu/Social;Text;;Social;Xã hội
Menu/Sound Design;Text;;Sound Design;Thiết kế âm thanh
Menu/ToggleSecondary;Text;;Toggle Secondary;Chuyển sang vũ khí phụ
Menu/TryingToConnect;Text;;Trying to connect to host...;Đang thử kết nối tới chủ phòng...
Menu/Unblock;Text;;Unblock;Bỏ chặn
Menu/Unstuck;Text;;Unstuck;Thoát kẹt
Menu/Volume;Text;;Volume Player;Âm lượng người chơi
Menu/WelcomeToRaft;Text;;{[Gamertag]}, Welcome to Raft;{[Gamertag]}, chào mừng đến với Raft
Menu/WithHelpFrom;Text;;With help from:;Với sự giúp đỡ từ:
Menu/World;Text;;World;server
Menu/WorldBackups;Text;;World backups;Bản sao lưu server
Menu/WorldCode;Text;;World Code;Mã server
Menu/WorldFull;Text;;Failed to join world. No Slots available;Không thể tham gia server. Không còn chỗ trống
Menu/WorldName;Text;;World name;Tên server
Menu/WorldNamePlaceholder;Text;;Your world name;Tên server của bạn
Menu/WorldSaved;Text;;World saved;Đã lưu server
Menu/Yes;Text;;Yes;Có
Notebook/FoundItems;Text;;Found items;Vật phẩm đã tìm thấy
QuestItem/Balboa_BrunosTool_Hammer;Text;;Brunos hammer;Búa của Bruno
QuestItem/Balboa_BrunosTool_Saw;Text;;Brunos saw;Cưa của Bruno
QuestItem/Balboa_BrunosTool_Wrench;Text;;Brunos wrench;Cờ lê của Bruno
QuestItem/Balboa_LightBulb;Text;;Lightbulb;Bóng đèn
QuestItem/Balboa_WildBerries;Text;;Wild berries;Quả mọng dại
QuestItem/Caravan_BatteryChargerPart;Text;;Battery charger part;Linh kiện bộ sạc pin
QuestItem/Caravan_KeyInfirmary;Text;;Infirmary key;Chìa khóa phòng y tế
QuestItem/Caravan_KeyMayor;Text;;Mayor's chest key;Chìa khóa rương thị trưởng
QuestItem/Caravan_ZiplinePart;Text;;Zipline part;Linh kiện zipline
QuestItem/Tangaroa_GeneratorPart;Text;;Generator part;Linh kiện máy phát điện
QuestItem/Tangaroa_KeyCard;Text;;Tangaroa keycard;Thẻ từ Tangaroa
QuestItem/Tangaroa_Tape;Text;;Tape;Băng ghi âm
QuestItem/Tangaroa_Token;Text;;Vending Machine Token;Xu máy bán hàng
QuestItem/Temperance_Blowtorch;Text;;Blowtorch;Đèn khò
QuestItem/Temperance_ControlRod;Text;;Control rod;Thanh điều khiển
QuestItem/Temperance_ElectricalCable;Text;;Electrical cable;Dây cáp điện
QuestItem/Temperance_ReactorKey;Text;;Reactor key;Chìa khóa lò phản ứng
QuestItem/Temperance_SeleneGateKey;Text;;Selene key;Chìa khóa Selene
QuestItem/Utopia_Cable;Text;;Electrical cable;Dây cáp điện
QuestItem/Utopia_CarbonDioxideCanister;Text;;Carbon dioxide canister;Bình khí CO2
QuestItem/Utopia_DettoCode;Text;;Part of Detto's code;Một phần mật mã của Detto
QuestItem/Utopia_Hammer;Text;;Hammer;Búa
QuestItem/Utopia_Harpoon;Text;;Harpoon;Lao móc
QuestItem/Utopia_KeyEntrance;Text;;Entrance key;Chìa khóa lối vào
QuestItem/Utopia_KeyPhase1;Text;;Warehouse key;Chìa khóa nhà kho
QuestItem/Utopia_KeyPrison;Text;;Master key;Chìa khóa vạn năng
QuestItem/Utopia_OlofKey;Text;;Olofs key;Chìa khóa của Olof
QuestItem/Varuna_CraneKey;Text;;Crane key;Chìa khóa cần cẩu
QuestItem/Varuna_MotherloadKey;Text;;Motherload key;Chìa khóa Motherload
QuestItem/Varuna_MotherlodeKey;Text;;Motherlode key;Chìa khóa Motherlode
QuestItem/Varuna_SpotlightPart;Text;;Spotlight part;Linh kiện đèn pha
QuestItem/Vasagatan_BlueKey;Text;;Blue key;Chìa khóa xanh dương
QuestItem/Vasagatan_BoltCutter;Text;;Bolt cutter;Kìm cắt bu lông
QuestItem/Vasagatan_Bomb;Text;;Bomb;Bom
QuestItem/Vasagatan_BombWire;Text;;Electrical wires;Dây điện
QuestItem/Vasagatan_Bullet;Text;;Bullet;Viên đạn
QuestItem/Vasagatan_CarJack;Text;;Car jack;Kích nâng xe
QuestItem/Vasagatan_Crowbar;Text;;Crowbar;Xà beng
QuestItem/Vasagatan_FourDigitCode;Text;;Four digit code;Mã bốn chữ số
QuestItem/Vasagatan_GasTank;Text;;Gas tank;Bình xăng
QuestItem/Vasagatan_GreenKey;Text;;Green key;Chìa khóa xanh lá
QuestItem/Vasagatan_KeyCard;Text;;Key card;Thẻ từ
QuestItem/Vasagatan_Lighter;Text;;Lighter;Bật lửa
QuestItem/Vasagatan_MechanicalPart;Text;;Mechanical part;Linh kiện cơ khí
QuestItem/Vasagatan_Recorder;Text;;Recorder;Máy ghi âm
QuestItem/Vasagatan_RedKey;Text;;Red key;Chìa khóa đỏ
Radar/Antenna;Text;;Antenna;Ăng-ten
Radar/AntennaRequiresReciever;Text;;Antenna requires receiver;Ăng-ten cần bộ thu
Radar/Distance;Text;;DISTANCE;KHOẢNG CÁCH
Radar/FrequencyCycle;Text;;Switch number;Chuyển số kênh
Radar/FrequencyDecrease;Text;;Decrease number;Giảm số kênh
Radar/FrequencyIncrease;Text;;Increase number;Tăng số kênh
Radar/InvalidFrequency;Text;;INVALID FREQUENCY;TẦN SỐ KHÔNG HỢP LỆ
Radar/NotConnected;Text;;NOT CONNECTED;CHƯA KẾT NỐI
Radar/Power;Text;;Power;Nguồn điện
Radar/Radar;Text;;RADAR;RADAR
Radar/RecieverAltitude;Text;;REQUIRES HIGHER ALTITUDE;CẦN ĐỘ CAO LỚN HƠN
Radar/TooCloseAntenna;Text;;TOO CLOSE TO OTHER ANTENNA;QUÁ GẦN ĂNG-TEN KHÁC
Radar/TooCloseReciever;Text;;TOO CLOSE TO RECEIVER;QUÁ GẦN BỘ THU
Radar/TooFarFromReciever;Text;;TOO FAR FROM RECEIVER;QUÁ XA BỘ THU
Radar/UpdateRequired;Text;;Update required;Cần cập nhật
Radar/WrongAltitude;Text;;WRONG ALTITUDE;SAI ĐỘ CAO
Settings/Audio;Text;;Audio;Âm thanh
Settings/Controls;Text;;Controls;Điều khiển
Settings/General;Text;;General;Chung
Settings/Graphics;Text;;Graphics;Đồ họa
Story/BalboaIsland/CorreasDiary1;Text;;"Three months ago my sister Astrid and I were put in charge of the Ranger Station on Balboa. We handled the bear population and kept the relay towers operational. The next shift was meant to start weeks back. But the replacements never showed up.

HENRY suggested that I start writing things down after Astrid disappeared so that I'm not feeling so lonely anymore.
~BRUNO";"Ba tháng trước, chị gái Astrid và tôi được giao phụ trách Trạm Kiểm Lâm tại Balboa. Chúng tôi quản lý số lượng gấu và duy trì hoạt động của các tháp tiếp sóng. Ca trực tiếp theo lẽ ra đã bắt đầu từ vài tuần trước. Nhưng người thay ca chưa bao giờ xuất hiện.

HENRY gợi ý tôi nên bắt đầu viết nhật ký sau khi Astrid biến mất để tôi không cảm thấy cô đơn nữa.
~BRUNO"
Story/BalboaIsland/CorreasDiary2;Text;;"The kids are fighting. Astrid would have known how to make them stop. I found her wrench out by the clearing. I’ve been calling out on the radio. Please. I just want to talk, sis.

MIRANDA is screaming outside. I hope her and HENRY make up soon.
~BRUNO";"Bọn trẻ đang cãi nhau. Astrid chắc sẽ biết cách làm chúng dừng lại. Tôi tìm thấy cờ lê của chị ấy ngoài khoảng đất trống. Tôi vẫn gọi trên radio. Làm ơn. Em chỉ muốn nói chuyện thôi, chị ơi.

MIRANDA đang la hét ngoài kia. Tôi mong cô ấy và HENRY sớm làm hòa.
~BRUNO"
Story/BalboaIsland/CorreasDiary3;Text;;"I haven’t seen ERROL all night. I asked MIRANDA but she and HENRY won’t tell me anything. They’re hiding something. Did they figure out there’s only space for two of them on the boat? I’ve decided. I’ll leave the TRIPLETS in charge of the remaining relay stations. BOBBY will take care of the bears. Yes. It’s for the best.

So many memories of this place. We’ll find you, sis. I promise.
~BRUNO";"Tôi không thấy ERROL suốt đêm qua. Tôi hỏi MIRANDA nhưng cô ấy và HENRY không chịu nói gì. Họ đang giấu điều gì đó. Có phải họ đã nhận ra thuyền chỉ đủ chỗ cho hai người trong số họ? Tôi đã quyết định. Tôi sẽ để BỘ BA phụ trách các trạm tiếp sóng còn lại. BOBBY sẽ chăm sóc lũ gấu. Đúng vậy. Đó là điều tốt nhất.

Quá nhiều kỷ niệm ở nơi này. Chúng tôi sẽ tìm thấy chị, chị gái ơi. Tôi hứa.
~BRUNO"
Story/BalboaIsland/DollNote1;Text;;"BETRAYAL. FATHER TRUSTS THE MURDERERS.
~BOBBY";"PHẢN BỘI. CHA TIN TƯỞNG NHỮNG KẺ GIẾT NGƯỜI.
~BOBBY"
Story/BalboaIsland/DollNote2;Text;;"HE WOULD LEAVE US BEHIND. WE CAN’T HAVE THAT. 
~N&D&L";"ÔNG ẤY SẼ BỎ RƠI CHÚNG TA. CHÚNG TA KHÔNG THỂ ĐỂ ĐIỀU ĐÓ XẢY RA.
~N&D&L"
Story/BalboaIsland/DollNote3;Text;;"FATHER HAS TO MAKE A DECISION. I KNOW IT WON’T BE ME, SO I WILL BE SPARED.
~BOBBY";"CHA PHẢI ĐƯA RA QUYẾT ĐỊNH. TÔI BIẾT SẼ KHÔNG PHẢI LÀ TÔI, NÊN TÔI SẼ ĐƯỢC THA.
~BOBBY"
Story/BalboaIsland/DollNote4;Text;;"NOT ENOUGH BOAT FOR ALL OF US. I’M SORRY, ERROL.
~MIRANDA";"KHÔNG ĐỦ THUYỀN CHO TẤT CẢ CHÚNG TA. TÔI XIN LỖI, ERROL.
~MIRANDA"
Story/BalboaIsland/DollNote5;Text;;"THE GUILTY LAY RESTLESS. WE MUST BE PUNISHED, IF WE ARE TO REST.
~BOBBY";"KẺ CÓ TỘI KHÔNG THỂ YÊN NGHỈ. CHÚNG TA PHẢI BỊ TRỪNG PHẠT, NẾU MUỐN ĐƯỢC YÊN NGHỈ.
~BOBBY"
Story/BalboaIsland/NoteFromHenry;Text;;"Papa MADE HIS MIND UP A LONG TIME AGO. HE’S GOING AFTER AUNTY.  MIRANDA IS FOLLOWING AS ALWAYS. 
~HENRY";"BỐ ĐÃ QUYẾT ĐỊNH TỪ LÂU RỒI. ÔNG ẤY SẼ ĐI TÌM CÔ. MIRANDA ĐI THEO NHƯ MỌI KHI.
~HENRY"
Story/BalboaIsland/PictureOfTwoEngineers;Text;;"MERRY CHRISTMAS FROM NOWHERE
~THE CORREA TWINS";"GIÁNG SINH VUI VẺ TỪ CHỐN HƯ VÔ
~CẶP SINH ĐÔI CORREA"
Story/BalboaIsland/Schedule;Text;;SCHEDULE;LỊCH TRÌNH
Story/BalboaIsland/Voiceline/CorreasDiary1_1;Text;;Three months ago my sister Astrid and I were put in charge of the Ranger Station on Balboa. ;Ba tháng trước, chị gái Astrid và tôi được giao phụ trách Trạm Kiểm Lâm tại Balboa.
Story/BalboaIsland/Voiceline/CorreasDiary1_2;Text;;We handled the bear population and kept the relay towers operational. ;Chúng tôi quản lý số lượng gấu và duy trì hoạt động của các tháp tiếp sóng.
Story/BalboaIsland/Voiceline/CorreasDiary1_3;Text;;The next shift was meant to start weeks back. But the replacements never showed up.;Ca trực tiếp theo lẽ ra đã bắt đầu từ vài tuần trước. Nhưng người thay ca chưa bao giờ xuất hiện.
Story/BalboaIsland/Voiceline/CorreasDiary1_4;Text;;HENRY suggested that I start writing things down after Astrid disappeared so that I'm not feeling so lonely anymore.;HENRY gợi ý tôi nên bắt đầu viết nhật ký sau khi Astrid biến mất để tôi không cảm thấy cô đơn nữa.
Story/BalboaIsland/Voiceline/CorreasDiary2_1;Text;;The kids are fighting. Astrid would have known how to make them stop.;Bọn trẻ đang cãi nhau. Astrid chắc sẽ biết cách làm chúng dừng lại.
Story/BalboaIsland/Voiceline/CorreasDiary2_2;Text;;I found her wrench out by the clearing. I’ve been calling out on the radio. ;Tôi tìm thấy cờ lê của chị ấy ngoài khoảng đất trống. Tôi vẫn gọi trên radio.
Story/BalboaIsland/Voiceline/CorreasDiary2_3;Text;;Please. I just want to talk, sis. MIRANDA is screaming outside.;Làm ơn. Em chỉ muốn nói chuyện thôi, chị ơi. MIRANDA đang la hét ngoài kia.
Story/BalboaIsland/Voiceline/CorreasDiary2_4;Text;;I hope her and HENRY make up soon.;Tôi mong cô ấy và HENRY sớm làm hòa.
Story/BalboaIsland/Voiceline/CorreasDiary3_1;Text;;I haven’t seen ERROL all night. I asked MIRANDA but she and HENRY won’t tell me anything. ;Tôi không thấy ERROL suốt đêm qua. Tôi hỏi MIRANDA nhưng cô ấy và HENRY không chịu nói gì.
Story/BalboaIsland/Voiceline/CorreasDiary3_2;Text;;They’re hiding something. Did they figure out there’s only space for two of them on the boat?;Họ đang giấu điều gì đó. Có phải họ đã nhận ra thuyền chỉ đủ chỗ cho hai người trong số họ?
Story/BalboaIsland/Voiceline/CorreasDiary3_3;Text;;I’ve decided. I’ll leave the TRIPLETS in charge of the remaining relay stations. ;Tôi đã quyết định. Tôi sẽ để BỘ BA phụ trách các trạm tiếp sóng còn lại.
Story/BalboaIsland/Voiceline/CorreasDiary3_4;Text;;BOBBY will take care of the bears. Yes. It’s for the best.;BOBBY sẽ chăm sóc lũ gấu. Đúng vậy. Đó là điều tốt nhất.
Story/BalboaIsland/Voiceline/CorreasDiary3_5;Text;;So many memories of this place. We’ll find you, sis. I promise.;Quá nhiều kỷ niệm ở nơi này. Chúng tôi sẽ tìm thấy chị, chị gái ơi. Tôi hứa.
Story/BalboaIsland/Voiceline/DollNote1;Text;;BETRAYAL. FATHER TRUSTS THE MURDERERS.;PHẢN BỘI. CHA TIN TƯỞNG NHỮNG KẺ GIẾT NGƯỜI.
Story/BalboaIsland/Voiceline/DollNote2;Text;;HE WOULD LEAVE US BEHIND. WE CAN’T HAVE THAT. ;ÔNG ẤY SẼ BỎ RƠI CHÚNG TA. CHÚNG TA KHÔNG THỂ ĐỂ ĐIỀU ĐÓ XẢY RA.
Story/BalboaIsland/Voiceline/DollNote3;Text;;FATHER HAS TO MAKE A DECISION. I KNOW IT WON’T BE ME, SO I WILL BE SPARED.;CHA PHẢI ĐƯA RA QUYẾT ĐỊNH. TÔI BIẾT SẼ KHÔNG PHẢI LÀ TÔI, NÊN TÔI SẼ ĐƯỢC THA.
Story/BalboaIsland/Voiceline/DollNote4;Text;;NOT ENOUGH BOAT FOR ALL OF US. I’M SORRY, ERROL.;KHÔNG ĐỦ THUYỀN CHO TẤT CẢ CHÚNG TA. TÔI XIN LỖI, ERROL.
Story/BalboaIsland/Voiceline/DollNote5;Text;;THE GUILTY LAY RESTLESS. WE MUST BE PUNISHED, IF WE ARE TO REST.;KẺ CÓ TỘI KHÔNG THỂ YÊN NGHỈ. CHÚNG TA PHẢI BỊ TRỪNG PHẠT, NẾU MUỐN ĐƯỢC YÊN NGHỈ.
Story/BalboaIsland/Voiceline/NoteFromHenry_1;Text;;Papa MADE HIS MIND UP A LONG TIME AGO. HE’S GOING AFTER AUNTY. ;BỐ ĐÃ QUYẾT ĐỊNH TỪ LÂU RỒI. ÔNG ẤY SẼ ĐI TÌM CÔ.
Story/BalboaIsland/Voiceline/NoteFromHenry_2;Text;;MIRANDA IS FOLLOWING AS ALWAYS. ;MIRANDA ĐI THEO NHƯ MỌI KHI.
Story/BalboaIsland/Voiceline/PictureOfTwoEngineers;Text;;MERRY CHRISTMAS FROM NOWHERE;GIÁNG SINH VUI VẺ TỪ CHỐN HƯ VÔ
Story/CaravanIsland/DettosJournal1;Text;;"DETTO'S SCIENTIFIC JOURNAL -CLASSIFIED-

Ma says I should write down what I think to make it stick, so I write. Caravan Town is a rock, sticking out from the water. It has good land, to raise pigs to eat. We can fish. Grow vegetables. Only downside are the hyenas, but they are usually friendly.

We came here on a boat, with half the rest of Jakarta. They let us stay because Ma is smart and Pa is good at welding. They say I'm just another mouth to feed, but I'll show them! See the problem is, the water is rising, right?

What if we just take away the water?";"NHẬT KÝ KHOA HỌC CỦA DETTO -MẬT-

Mẹ bảo con nên viết ra những gì con nghĩ để nhớ lâu hơn, nên con viết. Caravan Town là một tảng đá nhô lên khỏi mặt nước. Nó có đất tốt, để nuôi heo ăn thịt. Chúng ta có thể câu cá. Trồng rau. Chỉ có điểm trừ là mấy con linh cẩu, nhưng chúng thường thân thiện.

Chúng ta đến đây bằng thuyền, cùng với một nửa số người còn lại của Jakarta. Họ để chúng ta ở lại vì Mẹ thông minh và Bố giỏi hàn. Họ nói con chỉ là một cái miệng ăn thêm, nhưng con sẽ cho họ thấy! Vấn đề là, nước đang dâng lên, đúng không?

Nếu chúng ta chỉ cần lấy nước đi thì sao?"
Story/CaravanIsland/DettosJournal2;Text;;"DETTO'S SCIENTIFIC JOURNAL -TOP TOP SECRET-

Sanjay says the water pump idea doesn't work, because there isn't enough space in the well for all the water. Also, the neighbors complain about getting salt in their cups. They complain because they have no patience for science!

I asked Pa why we can’t fly to another planet without all this water. Pa just laughed. But Sanjay showed me some pictures that gave me a great idea though… 

Good man, Sanjay.";"NHẬT KÝ KHOA HỌC CỦA DETTO -TỐI TỐI MẬT-

Sanjay nói ý tưởng máy bơm nước không hoạt động, vì không đủ chỗ trong giếng cho hết nước. Ngoài ra, hàng xóm than phiền về việc bị muối lẫn vào cốc của họ. Họ than phiền vì họ không có kiên nhẫn với khoa học!

Con hỏi Bố tại sao chúng ta không thể bay đến hành tinh khác mà không cần cái đống nước này. Bố chỉ cười. Nhưng Sanjay cho con xem vài bức ảnh khiến con nảy ra một ý tưởng tuyệt vời...

Sanjay tốt thật."
Story/CaravanIsland/DettosJournal3;Text;;"DETTO'S EXPERIMENT JOURNAL -ATTEMPT #733-

Pa helped me weld the rocket together, and Sanjay borrowed some fireworks to get it started.

Pa had to apologize to everyone for the explosion. I don’t get it, it was just a test. What an overreaction! They would have taken my tools if Sanjay hadn’t helped me put out the fire.

Good helper, Sanjay.";"NHẬT KÝ THÍ NGHIỆM CỦA DETTO -LẦN THỬ #733-

Bố giúp con hàn tên lửa lại với nhau, và Sanjay mượn ít pháo hoa để khởi động nó.

Bố phải xin lỗi mọi người vì vụ nổ. Con không hiểu, nó chỉ là một bài thử nghiệm thôi mà. Phản ứng thái quá gì đâu! Họ đã định lấy dụng cụ của con nếu Sanjay không giúp con dập lửa.

Sanjay là người trợ giúp tốt."
Story/CaravanIsland/DettosJournal4;Text;;"DETTO'S SCIENTIFIC JOURNAL -UNDERWATER CACHES-

Sanjay ran off crying as soon as they dragged me out. Very unprofessional.

There’s lots of debri underwater. I couldn’t get anything out though. Sad. Pa forbade me from doing any more experiments. I think he’s just angry because Ma got sick.

Doctor Henry said she will be okay, so it’s okay.";"NHẬT KÝ KHOA HỌC CỦA DETTO -KHO GIẤU DƯỚI NƯỚC-

Sanjay chạy đi khóc ngay khi họ kéo con ra. Thật thiếu chuyên nghiệp.

Có rất nhiều mảnh vụn dưới nước. Nhưng con không lấy được gì cả. Buồn quá. Bố cấm con làm thêm thí nghiệm nào nữa. Con nghĩ ông chỉ đang giận vì Mẹ bị ốm thôi.

Bác sĩ Henry nói mẹ sẽ ổn, nên là ổn rồi."
Story/CaravanIsland/DettosJournal5;Text;;"DETTO'S SCIENTIFIC JOURNAL -MONSTER INVESTIGATION-

There’s a stranger in town called Olof something. Pa keeps going to his meetings, no kids allowed. But at night I got Sanjay to help me sneak onto the stranger’s ship. I thought maybe he had some medicine for Ma…

But Olof’s boat was just filled with cages. In the cages were big rats, and a… very large hyena. They were so angry! Sanjay found notes talking about feeding and training them into his personal ‘army’. Sanjay thinks Olof might be a bad guy.

I think I agree.";"NHẬT KÝ KHOA HỌC CỦA DETTO -ĐIỀU TRA QUÁI VẬT-

Có một người lạ trong thị trấn tên là Olof gì đó. Bố cứ đi họp với ông ta, không cho trẻ con vào. Nhưng ban đêm con nhờ Sanjay giúp lẻn lên tàu của người lạ.

Con nghĩ có lẽ ông ta có thuốc cho Mẹ...

Nhưng thuyền của Olof chỉ toàn là lồng. Trong lồng là những con chuột to, và một... con linh cẩu rất to. Chúng giận dữ lắm! Sanjay tìm thấy ghi chú nói về việc cho ăn và huấn luyện chúng thành 'đội quân' riêng của ông ta.

Sanjay nghĩ Olof có thể là người xấu. Con nghĩ con đồng ý."
Story/CaravanIsland/DettosJournal6;Text;;"DETTO'S ADVENTURE JOURNAL

Pa says we have to go. Ma is getting sicker, and I heard that strange man Olof shouting orders. I saw them rounding up all the hyenas in cages. Sanjay is helping separate the rafts from the rocks.

I asked Doctor Henrik about Ma. He looked sick too. Told me to avoid the pigs. And Olof.

Sanjay says he’s scared. Smart man, Sanjay.";"NHẬT KÝ PHIÊU LƯU CỦA DETTO

Bố nói chúng ta phải đi. Mẹ ngày càng ốm nặng hơn, và con nghe thấy người đàn ông lạ Olof đó hét lệnh. Con thấy họ đang lùa hết đám linh cẩu vào lồng. Sanjay đang giúp tách các bè khỏi đá.

Con hỏi Bác sĩ Henrik về Mẹ. Ông ấy trông cũng ốm. Bảo con tránh xa lũ heo. Và tránh xa Olof.

Sanjay nói cậu ấy sợ. Sanjay thông minh thật."
Story/CaravanIsland/DoctorsNote;Text;;"It’s been three days. Stuck in this shack, sick as a dog. I don’t think I can treat anyone in my condition and these people know it. I asked them to leave me here.

It’s the pigs. For weeks they’ve acted erratic. I’ve been blind to it. I didn’t even notice the butchers getting sick. It all started when Olof Wilkstrom arrived and I do not see it as a coincidence.
~Dr. Henrik Scholl";"Đã ba ngày rồi. Mắc kẹt trong túp lều này, ốm như chó. Tôi không nghĩ mình có thể điều trị cho ai trong tình trạng này và mọi người đều biết điều đó. Tôi đã bảo họ để tôi lại đây.

Là lũ heo. Nhiều tuần nay chúng hành động thất thường. Tôi đã không để ý điều đó. Tôi thậm chí còn không nhận ra mấy người mổ thịt bị bệnh. Tất cả bắt đầu từ khi Olof Wilkstrom đến và tôi không nghĩ đó là trùng hợp.
~Bác sĩ Henrik Scholl"
Story/CaravanIsland/OlofsSpeech;Text;;"SPEECH TO THE RAFTERS, 17th of may FITFH DRAFT

why do you - Why do you think I, Olof Wilkstrom, left that corrupt city? Because they refused to let regular working class folk on board. I was appalled. Why should the elite get to escape the apocalypse? They should be FORCED to share their luxury.

-Pause for applause-

Who should force them? That’s right. The greatest rafters in this new southern sea. YOU! TAKE TANGAROA! TAKE BACK YOUR FUTURE!";"BÀI PHÁT BIỂU CHO NGƯỜI LÁI BÈ, 17 THÁNG 5 BẢN NHÁP THỨ NĂM

tại sao các bạn - Tại sao các bạn nghĩ tôi, Olof Wilkstrom, đã rời khỏi thành phố thối nát đó? Vì họ từ chối cho những người lao động bình thường lên tàu. Tôi đã bị sốc. Tại sao giới thượng lưu lại được thoát khỏi ngày tận thế? Họ nên bị BUỘC phải chia sẻ sự xa hoa của mình.

-Dừng để vỗ tay-

Ai nên buộc họ làm điều đó? Đúng vậy. Những người lái bè vĩ đại nhất ở vùng biển phía nam mới này. CHÍNH CÁC BẠN! CHIẾM LẤY TANGAROA! GIÀNH LẠI TƯƠNG LAI CỦA CÁC BẠN!"
Story/CaravanIsland/RaftTownArticle1;Text;;"The flooding of Jakarta has led to escaping locals creating interconnected rafts as they make their way to land.

“We just make do,” said Putri Reyes, one of the earlier adopters of these raft-towns, when inquired by one of our reporters about their living conditions. Drifting largely on sea-currents, they appear to be growing at a steady rate, raising considerable concerns with coastal authorities.";"Trận lụt ở Jakarta đã khiến người dân địa phương chạy trốn tạo ra những chiếc bè liên kết với nhau khi họ tìm đường đến đất liền.

""Chúng tôi chỉ cố xoay sở thôi,"" Putri Reyes, một trong những người đầu tiên áp dụng mô hình thị trấn bè này, nói khi được một phóng viên của chúng tôi hỏi về điều kiện sống của họ. Trôi dạt chủ yếu theo dòng hải lưu, chúng dường như đang phát triển với tốc độ ổn định, gây ra không ít lo ngại cho các cơ quan chức năng ven biển."
Story/CaravanIsland/RaftTownArticle2;Text;;" ""A maritime hazard in the making,"" the foreign minister stated this morning in a public adress. Despite these concerns many believe raft towns could very well be a viable alternative. Recent rumors surrounding the construction of sanctuary towers in the southern hemisphere has only increased tensions. We sought a comment from the local government.";" ""Một mối nguy hàng hải đang hình thành,"" bộ trưởng ngoại giao phát biểu trong một buổi họp báo công khai sáng nay. Bất chấp những lo ngại này, nhiều người tin rằng thị trấn bè hoàn toàn có thể là một giải pháp thay thế khả thi. Những tin đồn gần đây về việc xây dựng các tòa tháp trú ẩn ở bán cầu nam chỉ càng làm gia tăng căng thẳng. Chúng tôi đã tìm cách xin ý kiến từ chính quyền địa phương."
Story/CaravanIsland/RaftTownArticleCaption1;Text;;SAILING AS ONE;GIONG BUỒM CÙNG NHAU
Story/CaravanIsland/RaftTownArticleCaption2;Text;;THE RAFT TOWNS OF INDONESIA;NHỮNG THỊ TRẤN BÈ CỦA INDONESIA
Story/CaravanIsland/SanjayMessage;Text;;"My name is Sanjay. I think I’m in trouble.

Detto put together a diving suit using a bike and an old diving helmet. Detto put weights in it to go down, but he put in too much. Now if I leave then no one will pump air to Detto using the bike! 

If I’m thrown in jail, this is proof I am innocent!";"Tên tôi là Sanjay. Tôi nghĩ tôi gặp rắc rối rồi.

Detto ghép một bộ đồ lặn từ một chiếc xe đạp và một chiếc mũ lặn cũ. Detto đặt tạ vào để lặn xuống, nhưng cậu ấy cho vào quá nhiều. Giờ nếu tôi rời đi thì sẽ không ai bơm khí cho Detto bằng xe đạp nữa!

Nếu tôi bị tống vào tù, đây là bằng chứng tôi vô tội!"
Story/CaravanIsland/UpdateRequired1;Text;;Caravan Town and more is coming in 'The Second Chapter';Caravan Town và nhiều nội dung khác sẽ có trong 'Chương Hai'
Story/CaravanIsland/UpdateRequired2;Text;;If you want to keep up with the development, click our social medias below.;Nếu bạn muốn theo dõi quá trình phát triển, hãy nhấn vào mạng xã hội của chúng tôi bên dưới.
Story/CaravanIsland/Voiceline/DettosJournal1_1;Text;;DETTO'S SCIENTIFIC JOURNAL -CLASSIFIED-;NHẬT KÝ KHOA HỌC CỦA DETTO -MẬT-
Story/CaravanIsland/Voiceline/DettosJournal1_2;Text;;Ma says I should write down what I think to make it stick, so I write. ;Mẹ bảo con nên viết ra những gì con nghĩ để nhớ lâu hơn, nên con viết.
Story/CaravanIsland/Voiceline/DettosJournal1_3;Text;;Caravan Town is a rock, sticking out from the water. It has good land, to raise pigs to eat.;Caravan Town là một tảng đá nhô lên khỏi mặt nước. Nó có đất tốt, để nuôi heo ăn thịt.
Story/CaravanIsland/Voiceline/DettosJournal1_4;Text;;We can fish. Grow vegetables. Only downside are the hyenas, but they are usually friendly.;Chúng ta có thể câu cá. Trồng rau. Chỉ có điểm trừ là mấy con linh cẩu, nhưng chúng thường thân thiện.
Story/CaravanIsland/Voiceline/DettosJournal1_5;Text;;We came here on a boat, with half the rest of Jakarta.;Chúng ta đến đây bằng thuyền, cùng với một nửa số người còn lại của Jakarta.
Story/CaravanIsland/Voiceline/DettosJournal1_6;Text;;They let us stay because Ma is smart and Pa is good at welding. ;Họ để chúng ta ở lại vì Mẹ thông minh và Bố giỏi hàn.
Story/CaravanIsland/Voiceline/DettosJournal1_7;Text;;They say I'm just another mouth to feed, but I'll show them! ;Họ nói con chỉ là một cái miệng ăn thêm, nhưng con sẽ cho họ thấy!
Story/CaravanIsland/Voiceline/DettosJournal1_8;Text;;See the problem is, the water is rising, right? What if we just take away the water?;Vấn đề là, nước đang dâng lên, đúng không? Nếu chúng ta chỉ cần lấy nước đi thì sao?
Story/CaravanIsland/Voiceline/DettosJournal2_1;Text;;DETTO'S SCIENTIFIC JOURNAL -TOP TOP SECRET-;NHẬT KÝ KHOA HỌC CỦA DETTO -TỐI TỐI MẬT-
Story/CaravanIsland/Voiceline/DettosJournal2_2;Text;;Sanjay says the water pump idea doesn't work, because there isn't enough space in the well for all the water.;Sanjay nói ý tưởng máy bơm nước không hoạt động, vì không đủ chỗ trong giếng cho hết nước.
Story/CaravanIsland/Voiceline/DettosJournal2_3;Text;;"Also, the neighbors complain about getting salt in their cups. 
";"Ngoài ra, hàng xóm than phiền về việc bị muối lẫn vào cốc của họ.
"
Story/CaravanIsland/Voiceline/DettosJournal2_4;Text;;They complain because they have no patience for science!;Họ than phiền vì họ không có kiên nhẫn với khoa học!
Story/CaravanIsland/Voiceline/DettosJournal2_5;Text;;I asked Pa why we can’t fly to another planet without all this water.;Con hỏi Bố tại sao chúng ta không thể bay đến hành tinh khác mà không cần cái đống nước này.
Story/CaravanIsland/Voiceline/DettosJournal2_6;Text;;Pa just laughed. But Sanjay showed me some pictures that gave me a great idea though… Good man, Sanjay.;Bố chỉ cười. Nhưng Sanjay cho con xem vài bức ảnh khiến con nảy ra một ý tưởng tuyệt vời... Sanjay tốt thật.
Story/CaravanIsland/Voiceline/DettosJournal3_1;Text;;DETTO'S EXPERIMENT JOURNAL -ATTEMPT #733-;NHẬT KÝ THÍ NGHIỆM CỦA DETTO -LẦN THỬ #733-
Story/CaravanIsland/Voiceline/DettosJournal3_2;Text;;Pa helped me weld the rocket together, and Sanjay borrowed some fireworks to get it started.;Bố giúp con hàn tên lửa lại với nhau, và Sanjay mượn ít pháo hoa để khởi động nó.
Story/CaravanIsland/Voiceline/DettosJournal3_3;Text;;Pa had to apologize to everyone for the explosion. I don’t get it, it was just a test.;Bố phải xin lỗi mọi người vì vụ nổ. Con không hiểu, nó chỉ là một bài thử nghiệm thôi mà.
Story/CaravanIsland/Voiceline/DettosJournal3_4;Text;;What an overreaction! They would have taken my tools if Sanjay hadn’t helped me put out the fire.;Phản ứng thái quá gì đâu! Họ đã định lấy dụng cụ của con nếu Sanjay không giúp con dập lửa.
Story/CaravanIsland/Voiceline/DettosJournal3_5;Text;;Good helper, Sanjay.;Sanjay là người trợ giúp tốt.
Story/CaravanIsland/Voiceline/DettosJournal4_1;Text;;DETTO'S SCIENTIFIC JOURNAL -UNDERWATER CACHES-;NHẬT KÝ KHOA HỌC CỦA DETTO -KHO GIẤU DƯỚI NƯỚC-
Story/CaravanIsland/Voiceline/DettosJournal4_2;Text;;Sanjay ran off crying as soon as they dragged me out. Very unprofessional.;Sanjay chạy đi khóc ngay khi họ kéo con ra. Thật thiếu chuyên nghiệp.
Story/CaravanIsland/Voiceline/DettosJournal4_3;Text;;There’s lots of debri underwater. I couldn’t get anything out though. Sad.;Có rất nhiều mảnh vụn dưới nước. Nhưng con không lấy được gì cả. Buồn quá.
Story/CaravanIsland/Voiceline/DettosJournal4_4;Text;;"Pa forbade me from doing any more experiments. I think he’s just angry because Ma got sick.
";"Bố cấm con làm thêm thí nghiệm nào nữa. Con nghĩ ông chỉ đang giận vì Mẹ bị ốm thôi.
"
Story/CaravanIsland/Voiceline/DettosJournal4_5;Text;;Doctor Henry said she will be okay, so it’s okay.;Bác sĩ Henry nói mẹ sẽ ổn, nên là ổn rồi.
Story/CaravanIsland/Voiceline/DettosJournal5_1;Text;;DETTO'S SCIENTIFIC JOURNAL -MONSTER INVESTIGATION-;NHẬT KÝ KHOA HỌC CỦA DETTO -ĐIỀU TRA QUÁI VẬT-
Story/CaravanIsland/Voiceline/DettosJournal5_2;Text;;There’s a stranger in town called Olof something. Pa keeps going to his meetings, no kids allowed.;Có một người lạ trong thị trấn tên là Olof gì đó. Bố cứ đi họp với ông ta, không cho trẻ con vào.
Story/CaravanIsland/Voiceline/DettosJournal5_3;Text;;But at night I got Sanjay to help me sneak onto the stranger’s ship.;Nhưng ban đêm con nhờ Sanjay giúp lẻn lên tàu của người lạ.
Story/CaravanIsland/Voiceline/DettosJournal5_4;Text;;I thought maybe he had some medicine for Ma…;Con nghĩ có lẽ ông ta có thuốc cho Mẹ...
Story/CaravanIsland/Voiceline/DettosJournal5_5;Text;;But Olof’s boat was just filled with cages. In the cages were big rats, and a… very large hyena. ;Nhưng thuyền của Olof chỉ toàn là lồng. Trong lồng là những con chuột to, và một... con linh cẩu rất to.
Story/CaravanIsland/Voiceline/DettosJournal5_6;Text;;They were so angry! Sanjay found notes talking about feeding and training them into his personal ‘army’.;Chúng giận dữ lắm! Sanjay tìm thấy ghi chú nói về việc cho ăn và huấn luyện chúng thành 'đội quân' riêng của ông ta.
Story/CaravanIsland/Voiceline/DettosJournal5_7;Text;;Sanjay thinks Olof might be a bad guy. I think I agree.;Sanjay nghĩ Olof có thể là người xấu. Con nghĩ con đồng ý.
Story/CaravanIsland/Voiceline/DettosJournal6_1;Text;;DETTO'S ADVENTURE JOURNAL;NHẬT KÝ PHIÊU LƯU CỦA DETTO
Story/CaravanIsland/Voiceline/DettosJournal6_2;Text;;Pa says we have to go. Ma is getting sicker, and I heard that strange man Olof shouting orders.;Bố nói chúng ta phải đi. Mẹ ngày càng ốm nặng hơn, và con nghe thấy người đàn ông lạ Olof đó hét lệnh.
Story/CaravanIsland/Voiceline/DettosJournal6_3;Text;;I saw them rounding up all the hyenas in cages. Sanjay is helping separate the rafts from the rocks.;Con thấy họ đang lùa hết đám linh cẩu vào lồng. Sanjay đang giúp tách các bè khỏi đá.
Story/CaravanIsland/Voiceline/DettosJournal6_4;Text;;I asked Doctor Henrik about Ma. He looked sick too. Told me to avoid the pigs. And Olof.;Con hỏi Bác sĩ Henrik về Mẹ. Ông ấy trông cũng ốm. Bảo con tránh xa lũ heo. Và tránh xa Olof.
Story/CaravanIsland/Voiceline/DettosJournal6_5;Text;;Sanjay says he’s scared. Smart man, Sanjay.;Sanjay nói cậu ấy sợ. Sanjay thông minh thật.
Story/CaravanIsland/Voiceline/DoctorsNote_1;Text;;It’s been three days. ;Đã ba ngày rồi.
Story/CaravanIsland/Voiceline/DoctorsNote_2;Text;;Stuck in this shack, sick as a dog. I don’t think I can treat anyone in my condition and these people know it.;Mắc kẹt trong túp lều này, ốm như chó. Tôi không nghĩ mình có thể điều trị cho ai trong tình trạng này và mọi người đều biết điều đó.
Story/CaravanIsland/Voiceline/DoctorsNote_3;Text;;I asked them to leave me here.;Tôi đã bảo họ để tôi lại đây.
Story/CaravanIsland/Voiceline/DoctorsNote_4;Text;;It’s the pigs. For weeks they’ve acted erratic.;Là lũ heo. Nhiều tuần nay chúng hành động thất thường.
Story/CaravanIsland/Voiceline/DoctorsNote_5;Text;;I’ve been blind to it. I didn’t even notice the butchers getting sick. ;Tôi đã không để ý điều đó. Tôi thậm chí còn không nhận ra mấy người mổ thịt bị bệnh.
Story/CaravanIsland/Voiceline/DoctorsNote_6;Text;; It all started when Olof Wilkstrom arrived and I do not see it as a coincidence.; Tất cả bắt đầu từ khi Olof Wilkstrom đến và tôi không nghĩ đó là trùng hợp.
Story/CaravanIsland/Voiceline/OlofsSpeech_1;Text;;SPEECH TO THE RAFTERS, 17th of may FITFH DRAFT;BÀI PHÁT BIỂU CHO NGƯỜI LÁI BÈ, 17 THÁNG 5 BẢN NHÁP THỨ NĂM
Story/CaravanIsland/Voiceline/OlofsSpeech_2;Text;;Why do you - Why do you think I, Olof Wilkstrom, left that corrupt city?;Tại sao các bạn - Tại sao các bạn nghĩ tôi, Olof Wilkstrom, đã rời khỏi thành phố thối nát đó?
Story/CaravanIsland/Voiceline/OlofsSpeech_3;Text;;Because they refused to let regular working class folk on board. I was appalled.;Vì họ từ chối cho những người lao động bình thường lên tàu. Tôi đã bị sốc.
Story/CaravanIsland/Voiceline/OlofsSpeech_4;Text;;Why should the elite get to escape the apocalypse? They should be FORCED to share their luxury.;Tại sao giới thượng lưu lại được thoát khỏi ngày tận thế? Họ nên bị BUỘC phải chia sẻ sự xa hoa của mình.
Story/CaravanIsland/Voiceline/OlofsSpeech_5;Text;;Who should force them? That’s right. The greatest rafters in this new southern sea.;Ai nên buộc họ làm điều đó? Đúng vậy. Những người lái bè vĩ đại nhất ở vùng biển phía nam mới này.
Story/CaravanIsland/Voiceline/OlofsSpeech_6;Text;;YOU! TAKE TANGAROA! TAKE BACK YOUR FUTURE!;CHÍNH CÁC BẠN! CHIẾM LẤY TANGAROA! GIÀNH LẠI TƯƠNG LAI CỦA CÁC BẠN!
Story/CaravanIsland/Voiceline/RaftTownArticle1_1;Text;;The flooding of Jakarta has led to escaping locals creating interconnected rafts as they make their way to land.;Trận lụt ở Jakarta đã khiến người dân địa phương chạy trốn tạo ra những chiếc bè liên kết với nhau khi họ tìm đường đến đất liền.
Story/CaravanIsland/Voiceline/RaftTownArticle1_2;Text;;“We just make do,” said Putri Reyes, one of the earlier adopters of these raft-towns, when inquired by one of our reporters about their living conditions.;"""Chúng tôi chỉ cố xoay sở thôi,"" Putri Reyes, một trong những người đầu tiên áp dụng mô hình thị trấn bè này, nói khi được một phóng viên của chúng tôi hỏi về điều kiện sống của họ."
Story/CaravanIsland/Voiceline/RaftTownArticle1_3;Text;;Drifting largely on sea-currents, they appear to be growing at a steady rate, raising considerable concerns with coastal authorities.;Trôi dạt chủ yếu theo dòng hải lưu, chúng dường như đang phát triển với tốc độ ổn định, gây ra không ít lo ngại cho các cơ quan chức năng ven biển.
Story/CaravanIsland/Voiceline/RaftTownArticle1_4;Text;;"""A maritime hazard in the making,"" the foreign minister stated this morning in a public address.";"""Một mối nguy hàng hải đang hình thành,"" bộ trưởng ngoại giao phát biểu trong một buổi họp báo công khai sáng nay."
Story/CaravanIsland/Voiceline/RaftTownArticle1_5;Text;;Despite these concerns many believe raft towns could very well be a viable alternative.;Bất chấp những lo ngại này, nhiều người tin rằng thị trấn bè hoàn toàn có thể là một giải pháp thay thế khả thi.
Story/CaravanIsland/Voiceline/RaftTownArticle1_6;Text;;Recent rumors surrounding the construction of sanctuary towers in the southern hemisphere has only increased tensions. We sought a comment from the local government.;Những tin đồn gần đây về việc xây dựng các tòa tháp trú ẩn ở bán cầu nam chỉ càng làm gia tăng căng thẳng. Chúng tôi đã tìm cách xin ý kiến từ chính quyền địa phương.
Story/CaravanIsland/Voiceline/RaftTownArticle2_1;Text;;"""A maritime hazard in the making,"" the foreign minister stated this morning in a public address.";"""Một mối nguy hàng hải đang hình thành,"" bộ trưởng ngoại giao phát biểu trong một buổi họp báo công khai sáng nay."
Story/CaravanIsland/Voiceline/RaftTownArticle2_2;Text;;Despite these concerns many believe raft towns could very well be a viable alternative.;Bất chấp những lo ngại này, nhiều người tin rằng thị trấn bè hoàn toàn có thể là một giải pháp thay thế khả thi.
Story/CaravanIsland/Voiceline/RaftTownArticle2_3;Text;;Recent rumors surrounding the construction of sanctuary towers in the southern hemisphere has only increased tensions. We sought a comment from the;Những tin đồn gần đây về việc xây dựng các tòa tháp trú ẩn ở bán cầu nam chỉ càng làm gia tăng căng thẳng. Chúng tôi đã tìm cách xin ý kiến từ
Story/CaravanIsland/Voiceline/SanjayMessage_1;Text;;My name is Sanjay. I think I’m in trouble.;Tên tôi là Sanjay. Tôi nghĩ tôi gặp rắc rối rồi.
Story/CaravanIsland/Voiceline/SanjayMessage_2;Text;;Detto put together a diving suit using a bike and an old diving helmet.;Detto ghép một bộ đồ lặn từ một chiếc xe đạp và một chiếc mũ lặn cũ.
Story/CaravanIsland/Voiceline/SanjayMessage_3;Text;; Detto put weights in it to go down, but he put in too much.; Detto đặt tạ vào để lặn xuống, nhưng cậu ấy cho vào quá nhiều.
Story/CaravanIsland/Voiceline/SanjayMessage_4;Text;;Now if I leave then no one will pump air to Detto using the bike! ;Giờ nếu tôi rời đi thì sẽ không ai bơm khí cho Detto bằng xe đạp nữa!
Story/CaravanIsland/Voiceline/SanjayMessage_5;Text;;If I’m thrown in jail, this is proof I am innocent!;Nếu tôi bị tống vào tù, đây là bằng chứng tôi vô tội!
Story/FirstPage;Text;;First page;Trang đầu
Story/Intro/BikerPicture;Text;;Me and the boys.;Tôi và mấy đứa bạn.
Story/Intro/ExecutivePicture;Text;;Remember what you’re fighting for.;Hãy nhớ vì điều gì mà bạn đang chiến đấu.
Story/Intro/FamilyPicture;Text;;I'll see you someplace dry. //Sis;Em sẽ gặp anh ở một nơi khô ráo nào đó. //Em gái
Story/Intro/FishingPicture;Text;;If you want to catch the big one, just keep trying until you do! //Grandpa;Nếu con muốn câu được con to, cứ tiếp tục thử cho đến khi thành công! //Ông
Story/Intro/MechanicPicture;Text;;Just close your eyes and you’ll be back there.;Chỉ cần nhắm mắt lại là bạn sẽ trở về nơi đó.
Story/Intro/ScientistPicture;Text;;To the biggest idiot in the world.;Gửi kẻ ngốc nhất thế giới.
Story/Prologue;Text;;"Stop me if you’ve heard this one before: fifteen rafts go out, searching for land, six days before the mother of all storms.

It took us three months to prepare. The storm blew us apart and away in four days.
 
Now, there’s just me and the Raft, the sound of the waves and the rumbling in my gut. I’d brood, but I think I saw a shark.
 
Time to get to work.";"Dừng tôi lại nếu bạn đã nghe câu chuyện này rồi: mười lăm chiếc bè ra khơi, tìm kiếm đất liền, sáu ngày trước khi cơn bão khủng khiếp nhấtập đến.

Chúng tôi mất ba tháng để chuẩn bị. Cơn bão thổi bay chúng tôi ra xa nhau chỉ trong bốn ngày.
 
Giờ đây, chỉ còn tôi và chiếc Bè, tiếng sóng vỗ và tiếng réo trong bụng. Tôi có thể suy tư, nhưng hình như tôi vừa thấy một con cá mập.
 
Đến lúc bắt tay vào việc rồi."
Story/Prologue/Prologue;Text;;"Stop me if you’ve heard this one before: fifteen rafts go out, searching for land, six days before the mother of all storms.

It took us three months to prepare. The storm blew us apart and away in four days.
 
Now, there’s just me and the Raft, the sound of the waves and the rumbling in my gut. I’d brood, but I think I saw a shark.
 
Time to get to work.";"Dừng tôi lại nếu bạn đã nghe câu chuyện này rồi: mười lăm chiếc bè ra khơi, tìm kiếm đất liền, sáu ngày trước khi cơn bão khủng khiếp nhất ập đến.

Chúng tôi mất ba tháng để chuẩn bị. Cơn bão thổi bay chúng tôi ra xa nhau chỉ trong bốn ngày.
 
Giờ đây, chỉ còn tôi và chiếc Bè, tiếng sóng vỗ và tiếng réo trong bụng. Tôi có thể suy tư, nhưng hình như tôi vừa thấy một con cá mập.
 
Đến lúc bắt tay vào việc rồi."
Story/Prologue/ScoutRule1;Text;;Your Raft is your home. Your Hook is your friend.;Bè của bạn là nhà của bạn. Móc câu của bạn là bạn đồng hành của bạn.
Story/Prologue/ScoutRule2;Text;;If your Raft breaks, you patch it up. If your Hook is lost, you make another. ;Nếu bè của bạn hỏng, hãy vá lại. Nếu móc câu bị mất, hãy làm cái khác.
Story/Prologue/ScoutRule3;Text;;If you find the big blue stretching out forever, that means you aren’t paying attention.;Nếu bạn thấy màu xanh vô tận trải dài mãi, nghĩa là bạn chưa đủ chú ý.
Story/Prologue/ScoutRule4;Text;;There’s nothing you can’t make if you have the right salvage.;Không có gì bạn không thể chế tạo nếu có đủ phế liệu phù hợp.
Story/Prologue/ScoutRule5;Text;;Follow any radio frequencies. If it’s still broadcasting, it’s above water.;Hãy dò theo bất kỳ tần số radio nào. Nếu nó vẫn phát sóng, nghĩa là nó vẫn ở trên mặt nước.
Story/Prologue/ScoutRule6;Text;;Others have come before you, more will come after you. Be sure to mark the way. ;Người khác đã đến trước bạn, sẽ có người đến sau bạn. Hãy nhớ đánh dấu đường đi.
Story/Prologue/ScoutRule7;Text;;The world is gone, but its stories remain. Gather as many as you can. ;Thế giới đã mất, nhưng câu chuyện của nó vẫn còn. Hãy thu thập càng nhiều càng tốt.
Story/Prologue/ScoutRuleSharkAlert;Text;;And for Pete’s sake, watch out for sharks.;Và vì Chúa, hãy coi chừng cá mập.
Story/Prologue/ScoutRuleTitle;Text;;YOU ARE A FORWARD SCOUT;BẠN LÀ MỘT TRINH SÁT TIÊN PHONG
Story/RadioTower/Note1;Text;;"DECEMBER 12th:

We stopped for the night. Owl climbed the tower. Radio still works apparently. Should be two weeks before we reach Selene, but the team’s not responding.

You might say things are a bit tense. The other facilities are under water. So… If Selene is lost, we’ve got nothing. And now Sparrow’s not talking to either of us.

I really hope we’re not the last hope for humanity.
~Cuckoo";"12 THÁNG 12:

Chúng tôi dừng lại nghỉ đêm. Owl trèo lên tháp. Radio có vẻ vẫn hoạt động. Còn khoảng hai tuần nữa mới đến Selene, nhưng đội không phản hồi.

Có thể nói tình hình khá căng thẳng. Các cơ sở khác đã chìm dưới nước. Nên... Nếu mất Selene, chúng tôi chẳng còn gì. Và giờ Sparrow cũng không nói chuyện với cả hai chúng tôi nữa.

Tôi thực sự mong chúng tôi không phải là hy vọng cuối cùng của nhân loại.
~Cuckoo"
Story/RadioTower/Note2;Text;;"JANUARY:

It’s been weeks. Just me and Owl here now, stuck on this platform. Sparrow took the boat. I can’t figure out why... Everything is just so secretive. I mean, I don’t even know their real names!

I only know the team at Selene got a prototype working and they needed more people. WE were supposed to be those people and Together we would find a way out of this mess. Somehow.

Owl’s yelling up in the tower. Maybe the radio picked up something? Is it you, Sparrow?
~Cuckoo";"THÁNG GIÊNG:

Đã vài tuần trôi qua. Giờ chỉ còn tôi và Owl ở đây, mắc kẹt trên nền tảng này. Sparrow đã lấy thuyền đi. Tôi không hiểu tại sao... Mọi thứ cứ bí mật đến vậy. Ý tôi là, tôi thậm chí không biết tên thật của họ!

Tôi chỉ biết đội ở Selene đã làm cho một nguyên mẫu hoạt động và họ cần thêm người. LẼ RA chúng tôi phải là những người đó và cùng nhau tìm cách thoát khỏi mớ hỗn độn này. Bằng cách nào đó.

Owl đang la hét trên tháp. Có lẽ radio bắt được gì đó? Có phải là cậu không, Sparrow?
~Cuckoo"
Story/RadioTower/Note3;Text;;"Errm… FEBRUARY(?) 

We’ve picked up a lot of signals. Maybe someone will come and help us. We’re not starving... yet.

The reactor at Selene might be the only chance we have against this endless ocean, and you knew it, Sparrow. Owl thinks you betrayed us. But you must have had a good reason for leaving us here.

I hope you make it to Selene. I hope you finish the reactor. For all of us.
~Cuckoo";"Ừm... THÁNG HAI(?)

Chúng tôi đã bắt được rất nhiều tín hiệu. Có lẽ ai đó sẽ đến giúp chúng tôi. Chúng tôi chưa đói lắm... ít nhất là chưa.

Lò phản ứng ở Selene có thể là cơ hội duy nhất của chúng ta chống lại đại dương vô tận này, và cậu biết điều đó, Sparrow. Owl nghĩ cậu đã phản bội chúng tôi. Nhưng chắc cậu phải có lý do chính đáng khi bỏ chúng tôi lại đây.

Tôi hy vọng cậu đến được Selene. Tôi hy vọng cậu hoàn thành lò phản ứng. Vì tất cả chúng ta.
~Cuckoo"
Story/RadioTower/Note4;Text;;"OWL’S RADIO NOTES:
22 Dec ~Distress call received. Balboa Island.
9 Jan ~Cuckoo won’t accept facts.
2 Feb ~Gunshots in the distance. Tangaroa City?
14 Feb ~Sparrow’s comm. At Selene?
6 Mar ~Another distress call. Varuna Point. Missing child?
16 Apr ~Rafters dreaming of UTOPIA. Foolish hope.";"GHI CHÚ RADIO CỦA OWL:
22 Th12 ~Nhận được tín hiệu cầu cứu. Đảo Balboa.
9 Th1 ~Cuckoo không chịu chấp nhận sự thật.
2 Th2 ~Tiếng súng ở phía xa. Thành phố Tangaroa?
14 Th2 ~Liên lạc của Sparrow. Ở Selene?
6 Th3 ~Một tín hiệu cầu cứu khác. Mũi Varuna. Đứa trẻ mất tích?
16 Th4 ~Người lái bè mơ về UTOPIA. Hy vọng ngây thơ."
Story/RadioTower/PostIt;Text;;People?;Có ai không?
Story/RadioTower/Voiceline/Note1_1;Text;;DECEMBER 12th: We stopped for the night. Owl climbed the tower. Radio still works apparently.;12 THÁNG 12: Chúng tôi dừng lại nghỉ đêm. Owl trèo lên tháp. Radio có vẻ vẫn hoạt động.
Story/RadioTower/Voiceline/Note1_2;Text;;Should be two weeks before we reach Selene, but the team’s not responding.;Còn khoảng hai tuần nữa mới đến Selene, nhưng đội không phản hồi.
Story/RadioTower/Voiceline/Note1_3;Text;;You might say things are a bit tense. The other facilities are under water.;Có thể nói tình hình khá căng thẳng. Các cơ sở khác đã chìm dưới nước.
Story/RadioTower/Voiceline/Note1_4;Text;;So… If Selene is lost, we’ve got nothing. And now Sparrow’s not talking to either of us.;Nên... Nếu mất Selene, chúng tôi chẳng còn gì. Và giờ Sparrow cũng không nói chuyện với cả hai chúng tôi nữa.
Story/RadioTower/Voiceline/Note1_5;Text;;I really hope we’re not the last hope for humanity.;Tôi thực sự mong chúng tôi không phải là hy vọng cuối cùng của nhân loại.
Story/RadioTower/Voiceline/Note2_1;Text;;JANUARY: It’s been weeks. Just me and Owl here now, stuck on this platform.;THÁNG GIÊNG: Đã vài tuần trôi qua. Giờ chỉ còn tôi và Owl ở đây, mắc kẹt trên nền tảng này.
Story/RadioTower/Voiceline/Note2_2;Text;;Sparrow took the boat. I can’t figure out why... Everything is just so secretive. ;Sparrow đã lấy thuyền đi. Tôi không hiểu tại sao... Mọi thứ cứ bí mật đến vậy.
Story/RadioTower/Voiceline/Note2_3;Text;;I mean, I don’t even know their real names! ;Ý tôi là, tôi thậm chí không biết tên thật của họ!
Story/RadioTower/Voiceline/Note2_4;Text;;I only know the team at Selene got a prototype working and they needed more people. ;Tôi chỉ biết đội ở Selene đã làm cho một nguyên mẫu hoạt động và họ cần thêm người.
Story/RadioTower/Voiceline/Note2_5;Text;;WE were supposed to be those people and Together we would find a way out of this mess. Somehow.;LẼ RA chúng tôi phải là những người đó và cùng nhau tìm cách thoát khỏi mớ hỗn độn này. Bằng cách nào đó.
Story/RadioTower/Voiceline/Note2_6;Text;;"Owl’s yelling up in the tower. Maybe the radio picked up something? Is it you, Sparrow?
";"Owl đang la hét trên tháp. Có lẽ radio bắt được gì đó? Có phải là cậu không, Sparrow?
"
Story/RadioTower/Voiceline/Note3_1;Text;;Errm… FEBRUARY(?) We’ve picked up a lot of signals. Maybe someone will come and help us. ;Ừm... THÁNG HAI(?) Chúng tôi đã bắt được rất nhiều tín hiệu. Có lẽ ai đó sẽ đến giúp chúng tôi.
Story/RadioTower/Voiceline/Note3_2;Text;;We’re not starving... yet.;Chúng tôi chưa đói lắm... ít nhất là chưa.
Story/RadioTower/Voiceline/Note3_3;Text;;The reactor at Selene might be the only chance we have against this endless ocean.;Lò phản ứng ở Selene có thể là cơ hội duy nhất của chúng ta chống lại đại dương vô tận này.
Story/RadioTower/Voiceline/Note3_4;Text;; You knew it, Sparrow. Owl thinks you betrayed us. ; Cậu biết điều đó, Sparrow. Owl nghĩ cậu đã phản bội chúng tôi.
Story/RadioTower/Voiceline/Note3_5;Text;;But you must have had a good reason for leaving us here.;Nhưng chắc cậu phải có lý do chính đáng khi bỏ chúng tôi lại đây.
Story/RadioTower/Voiceline/Note3_6;Text;;I hope you make it to Selene. I hope you finish the reactor. For all of us.;Tôi hy vọng cậu đến được Selene. Tôi hy vọng cậu hoàn thành lò phản ứng. Vì tất cả chúng ta.
Story/RadioTower/Voiceline/Note4_1;Text;;OWL’S RADIO NOTES:;GHI CHÚ RADIO CỦA OWL:
Story/RadioTower/Voiceline/Note4_2;Text;;22 Dec ~Distress call received. Balboa Island.;22 Th12 ~Nhận được tín hiệu cầu cứu. Đảo Balboa.
Story/RadioTower/Voiceline/Note4_3;Text;;9 Jan ~Cuckoo won’t accept facts.;9 Th1 ~Cuckoo không chịu chấp nhận sự thật.
Story/RadioTower/Voiceline/Note4_4;Text;;2 Feb ~Gunshots in the distance. Tangaroa City?;2 Th2 ~Tiếng súng ở phía xa. Thành phố Tangaroa?
Story/RadioTower/Voiceline/Note4_5;Text;;14 Feb ~Sparrow’s comm. At Selene?;14 Th2 ~Liên lạc của Sparrow. Ở Selene?
Story/RadioTower/Voiceline/Note4_6;Text;;6 Mar ~Another distress call. Varuna Point. Missing child?;6 Th3 ~Một tín hiệu cầu cứu khác. Mũi Varuna. Đứa trẻ mất tích?
Story/RadioTower/Voiceline/Note4_7;Text;;16 Apr ~Rafters dreaming of UTOPIA. Foolish hope.;16 Th4 ~Người lái bè mơ về UTOPIA. Hy vọng ngây thơ.
Story/Tangaroa/GardenerDiary;Text;;"Oh no, no, no. The entire ecosystem is ruined! 

I’ve WARNED Captain Tulley about this for weeks now. My contract doesn’t allow me to tell anyone else and it’s eating me up inside. The banana plants won’t bear nearly enough fruit. Not to mention the infestations…

We’ll be starving by the end of the year. If not sooner!
~With Love, Johan the Gardener";"Ôi không, không, không. Toàn bộ hệ sinh thái đã bị hủy hoại!

Tôi đã CẢNH BÁO Thuyền trưởng Tulley về chuyện này nhiều tuần nay rồi. Hợp đồng của tôi không cho phép tôi nói với ai khác và điều đó cứ giày vò tôi từ bên trong. Mấy cây chuối sẽ không cho đủ trái. Chưa kể đến nạn sâu bệnh...

Chúng ta sẽ chết đói vào cuối năm nay. Nếu không sớm hơn!
~Yêu thương, Johan Người Làm Vườn"
Story/Tangaroa/RiotLog;Text;;"(Transcribed)
(Security) - “No sir, they haven’t done anything hostile. Yes, they’re still just chanting.”
(Captain Tulley) - *Muffled response.*
(Security) - ”Yes sir, I am armed. But if I may speak freely, we are able to use the water cannons if-”
(Captain Tulley) - *Muffled order.*
(Security) - ”Yes, sir. No, sir.” 
(Radio static is turned off as the security officer's voice shakes.)
(Security) - ”Tulley says shoot to wound..?”";"(Đã chép lại)
(An ninh) - ""Không thưa sếp, họ chưa làm gì hung hăng cả. Vâng, họ vẫn chỉ đang hô khẩu hiệu.""
(Thuyền trưởng Tulley) - *Phản hồi không rõ.*
(An ninh) - ""Vâng thưa sếp, tôi có vũ trang. Nhưng nếu được nói thẳng, chúng ta có thể dùng vòi rồng nếu-""
(Thuyền trưởng Tulley) - *Mệnh lệnh không rõ.*
(An ninh) - ""Vâng, thưa sếp. Không, thưa sếp.""
(Tiếng radio rè tắt khi giọng nhân viên an ninh run rẩy.)
(An ninh) - ""Tulley bảo bắn để gây thương tích..?"""
Story/Tangaroa/Ruben1;Text;;"Captain Tulley ordered us to push the engines to their limits. We’re trying to outrun a fleet of rafts, or something. It’s going to overheat the reactor. I sent a message up the tower. Tulley doesn’t care.

I hope you’re faring better, Hanne. Much better.
~Ruben";"Thuyền trưởng Tulley ra lệnh cho chúng tôi đẩy động cơ đến giới hạn. Chúng tôi đang cố thoát khỏi một đội bè, hay gì đó. Nó sẽ làm lò phản ứng quá nhiệt. Tôi đã gửi tin nhắn lên tháp. Tulley không quan tâm.

Tôi mong em ổn hơn, Hanne. Tốt hơn nhiều.
~Ruben"
Story/Tangaroa/Ruben2;Text;;"The engines are done. People upstairs are already upset over the extreme rationing. Now we’re at the mercy of the waves.

And those rafts on the horizon are coming closer by the hour. I’m sealing up the reactor now. I don’t care what Captain Tulley says.

I really could’ve used you here, Hanne.
~Ruben";"Động cơ đã xong. Mọi người trên tầng trên đã bực bội vì việc phân phối lương thực cực đoan. Giờ chúng tôi phó mặc cho sóng biển.

Và những chiếc bè ở đường chân trời đang tiến lại gần hơn từng giờ. Tôi đang niêm phong lò phản ứng ngay bây giờ. Tôi không quan tâm Thuyền trưởng Tulley nói gì.

Giá mà có em ở đây, Hanne.
~Ruben"
Story/Tangaroa/Ruben3;Text;;"There’s screaming upstairs. After the Captain opened fire on the rafters, a damn riot broke out. Some supported Tulley’s orders. Others really did not.

A smaller raft made its way into the water entrance. But there was only a kid onboard. His parents were sick, I think. Poor boy isn’t saying much. 

Tangaroa’s a lost cause. We’re getting out of here.
~Ruben";"Có tiếng la hét trên tầng. Sau khi Thuyền trưởng nổ súng vào người lái bè, một cuộc bạo loạn khủng khiếp đã nổ ra. Một số ủng hộ mệnh lệnh của Tulley. Số khác thì hoàn toàn không.

Một chiếc bè nhỏ hơn đã vào được lối vào bằng nước. Nhưng chỉ có một đứa trẻ trên đó. Bố mẹ nó bị bệnh, tôi nghĩ vậy. Cậu bé tội nghiệp không nói nhiều.

Tangaroa vô phương cứu chữa rồi. Chúng ta sẽ rời khỏi đây.
~Ruben"
Story/Tangaroa/Ruben4;Text;;"Things have gone quiet. Security teams still go on patrols in their ridiculous golf carts trying to keep some semblance of order. I heard the rafters let loose some type of rat. Oh, and they strapped tasers on all the butler bots! It’s like some kind of dumb guerilla war upstairs.

We’re fixing up a boat, but there’s no engine. The raft-kid thinks we could take one of the golf cart engines. It’s not a bad idea.

Captain Tulley and the ‘investors’ are still up in the tower. I say leave them there to rot.
~Ruben";"Mọi thứ đã im ắng lại. Các đội an ninh vẫn tuần tra bằng những chiếc xe golf lố bịch của họ để cố giữ vẻ trật tự nào đó. Tôi nghe nói người lái bè đã thả một loại chuột nào đó. Ồ, và họ còn gắn súng điện lên tất cả robot quản gia! Nó giống như một cuộc chiến du kích ngớ ngẩn nào đó trên tầng trên.

Chúng tôi đang sửa một chiếc thuyền, nhưng không có động cơ. Đứa trẻ lái bè nghĩ chúng tôi có thể lấy một trong những động cơ xe golf. Không phải ý tồi.

Thuyền trưởng Tulley và các 'nhà đầu tư' vẫn ở trên tháp. Tôi nói cứ để họ mục rữa ở đó.
~Ruben"
Story/Tangaroa/Ruben5;Text;;"The kid’s name is Detto. How someone his age was able to reconstruct an engine like that I’ll never know, but now we’ve got the boat working.

We’ll be gathering up a few more survivors before we head off. The rafters either hid up in the apartments or left to sea. Most of them seemed sick. No wonder they were so desperate. 

We need to hurry. Those large rats that came with the rafters are aggressive. I say let them chew Tangaroa into pieces. I’m coming for you, Hanne. Remember the place we heard about? The sanctuary? We’ll meet there. I know it.

I’ll see you there. Utopia.
~Ruben";"Tên cậu bé là Detto. Tôi sẽ không bao giờ hiểu được sao ở tuổi đó cậu ấy có thể tái chế một động cơ như vậy, nhưng giờ chúng tôi đã có thuyền hoạt động.

Chúng tôi sẽ gom thêm vài người sống sót trước khi lên đường. Người lái bè hoặc trốn trong các căn hộ hoặc đã ra khơi. Hầu hết trông có vẻ bị bệnh. Không trách được sao họ tuyệt vọng đến vậy.

Chúng ta cần khẩn trương. Những con chuột lớn đi cùng người lái bè rất hung dữ. Tôi nói cứ để chúng gặm nát Tangaroa thành từng mảnh. Anh đang đến với em, Hanne. Nhớ nơi chúng ta từng nghe đến không? Nơi trú ẩn ấy? Chúng ta sẽ gặp nhau ở đó. Anh biết mà.

Anh sẽ gặp em ở đó. Utopia.
~Ruben"
Story/Tangaroa/TulleyNote;Text;;"My name is James Tulley. This is my final message. Tangaroa City was built on a purely theoretical basis, using engines that had barely been tested, held together by the sweat and tears of our crew. But we were never sustainable. I should have accepted that months ago.

When the rafters arrived I could have let them starve with us. But I didn't. The only right choice was to abandon Tangaroa to the waves.

Now I will stay here, trapped in the cockpit with two dozen idiots who used to run the world. Don’t worry. We’ll pay for our sins before the end.
~Captain Tulley";"Tên tôi là James Tulley. Đây là thông điệp cuối cùng của tôi. Thành phố Tangaroa được xây dựng hoàn toàn dựa trên lý thuyết, sử dụng những động cơ hầu như chưa được thử nghiệm, giữ với nhau bằng mồ hôi và nước mắt của thủy thủ đoàn chúng tôi. Nhưng chúng tôi chưa bao giờ bền vững. Lẽ ra tôi nên chấp nhận điều đó từ nhiều tháng trước.

Khi những người lái bè đến, tôi đã có thể để họ chết đói cùng chúng tôi. Nhưng tôi đã không làm vậy. Lựa chọn đúng đắn duy nhất là bỏ Tangaroa cho sóng biển.

Giờ tôi sẽ ở lại đây, mắc kẹt trong buồng lái với hai chục kẻ ngốc từng điều hành cả thế giới. Đừng lo. Chúng tôi sẽ trả giá cho tội lỗi của mình trước khi kết thúc.
~Thuyền trưởng Tulley"
Story/Tangaroa/Voiceline/GardenerDiary_1;Text;;Oh no, no, no. The entire ecosystem is ruined! ;Ôi không, không, không. Toàn bộ hệ sinh thái đã bị hủy hoại!
Story/Tangaroa/Voiceline/GardenerDiary_2;Text;;I’ve WARNED Captain Tulley about this for weeks now.;Tôi đã CẢNH BÁO Thuyền trưởng Tulley về chuyện này nhiều tuần nay rồi.
Story/Tangaroa/Voiceline/GardenerDiary_3;Text;;My contract doesn’t allow me to tell anyone else and it’s eating me up inside.;Hợp đồng của tôi không cho phép tôi nói với ai khác và điều đó cứ giày vò tôi từ bên trong.
Story/Tangaroa/Voiceline/GardenerDiary_4;Text;;The banana plants won’t bear nearly enough fruit. Not to mention the infestations…;Mấy cây chuối sẽ không cho đủ trái. Chưa kể đến nạn sâu bệnh...
Story/Tangaroa/Voiceline/GardenerDiary_5;Text;;We’ll be starving by the end of the year. If not sooner!;Chúng ta sẽ chết đói vào cuối năm nay. Nếu không sớm hơn!
Story/Tangaroa/Voiceline/RiotLog_1;Text;;(Security) - “No sir, they haven’t done anything hostile. Yes, they’re still just chanting.”;"(An ninh) - ""Không thưa sếp, họ chưa làm gì hung hăng cả. Vâng, họ vẫn chỉ đang hô khẩu hiệu."""
Story/Tangaroa/Voiceline/RiotLog_2;Text;;(Captain Tulley) - *Muffled response.*;(Thuyền trưởng Tulley) - *Phản hồi không rõ.*
Story/Tangaroa/Voiceline/RiotLog_3;Text;;(Security) - ”Yes sir, I am armed. But if I may speak freely, we are able to use the water cannons if-”;"(An ninh) - ""Vâng thưa sếp, tôi có vũ trang. Nhưng nếu được nói thẳng, chúng ta có thể dùng vòi rồng nếu-"""
Story/Tangaroa/Voiceline/RiotLog_4;Text;;(Captain Tulley) - *Muffled order.*;(Thuyền trưởng Tulley) - *Mệnh lệnh không rõ.*
Story/Tangaroa/Voiceline/RiotLog_5;Text;;(Security) - ”Yes, sir. No, sir.” ;"(An ninh) - ""Vâng, thưa sếp. Không, thưa sếp."""
Story/Tangaroa/Voiceline/RiotLog_6;Text;;(Security) - ”Tulley says shoot to wound..?”;"(An ninh) - ""Tulley bảo bắn để gây thương tích..?"""
Story/Tangaroa/Voiceline/Ruben1_1;Text;;Captain Tulley ordered us to push the engines to their limits.;Thuyền trưởng Tulley ra lệnh cho chúng tôi đẩy động cơ đến giới hạn.
Story/Tangaroa/Voiceline/Ruben1_2;Text;;We’re trying to outrun a fleet of rafts, or something. It’s going to overheat the reactor.;Chúng tôi đang cố thoát khỏi một đội bè, hay gì đó. Nó sẽ làm lò phản ứng quá nhiệt.
Story/Tangaroa/Voiceline/Ruben1_3;Text;;I sent a message up the tower. Tulley doesn’t care.;Tôi đã gửi tin nhắn lên tháp. Tulley không quan tâm.
Story/Tangaroa/Voiceline/Ruben1_4;Text;;I hope you’re faring better, Hanne. Much better.;Tôi mong em ổn hơn, Hanne. Tốt hơn nhiều.
Story/Tangaroa/Voiceline/Ruben2_1;Text;;The engines are done. People upstairs are already upset over the extreme rationing.;Động cơ đã xong. Mọi người trên tầng trên đã bực bội vì việc phân phối lương thực cực đoan.
Story/Tangaroa/Voiceline/Ruben2_2;Text;;Now we’re at the mercy of the waves.;Giờ chúng tôi phó mặc cho sóng biển.
Story/Tangaroa/Voiceline/Ruben2_3;Text;;And those rafts on the horizon are coming closer by the hour. I’m sealing up the reactor now. ;Và những chiếc bè ở đường chân trời đang tiến lại gần hơn từng giờ. Tôi đang niêm phong lò phản ứng ngay bây giờ.
Story/Tangaroa/Voiceline/Ruben2_4;Text;;I don’t care what Captain Tulley says. I really could’ve used you here, Hanne.;Tôi không quan tâm Thuyền trưởng Tulley nói gì. Giá mà có em ở đây, Hanne.
Story/Tangaroa/Voiceline/Ruben3_1;Text;;There’s screaming upstairs. After the Captain opened fire on the rafters, a damn riot broke out.;Có tiếng la hét trên tầng. Sau khi Thuyền trưởng nổ súng vào người lái bè, một cuộc bạo loạn khủng khiếp đã nổ ra.
Story/Tangaroa/Voiceline/Ruben3_2;Text;;Some supported Tulley’s orders. Others really did not.;Một số ủng hộ mệnh lệnh của Tulley. Số khác thì hoàn toàn không.
Story/Tangaroa/Voiceline/Ruben3_3;Text;;A smaller raft made its way into the water entrance. But there was only a kid onboard.;Một chiếc bè nhỏ hơn đã vào được lối vào bằng nước. Nhưng chỉ có một đứa trẻ trên đó.
Story/Tangaroa/Voiceline/Ruben3_4;Text;;His parents were sick, I think. Poor boy isn’t saying much. ;Bố mẹ nó bị bệnh, tôi nghĩ vậy. Cậu bé tội nghiệp không nói nhiều.
Story/Tangaroa/Voiceline/Ruben3_5;Text;;Tangaroa’s a lost cause. We’re getting out of here.;Tangaroa vô phương cứu chữa rồi. Chúng ta sẽ rời khỏi đây.
Story/Tangaroa/Voiceline/Ruben4_1;Text;;Things have gone quiet.;Mọi thứ đã im ắng lại.
Story/Tangaroa/Voiceline/Ruben4_2;Text;;Security teams still go on patrols in their ridiculous golf carts trying to keep some semblance of order. ;Các đội an ninh vẫn tuần tra bằng những chiếc xe golf lố bịch của họ để cố giữ vẻ trật tự nào đó.
Story/Tangaroa/Voiceline/Ruben4_3;Text;;I heard the rafters let loose some type of rat. Oh, and they strapped tasers on all the butler bots! ;Tôi nghe nói người lái bè đã thả một loại chuột nào đó. Ồ, và họ còn gắn súng điện lên tất cả robot quản gia!
Story/Tangaroa/Voiceline/Ruben4_4;Text;;It’s like some kind of dumb guerilla war upstairs.;Nó giống như một cuộc chiến du kích ngớ ngẩn nào đó trên tầng trên.
Story/Tangaroa/Voiceline/Ruben4_5;Text;;We’re fixing up a boat, but there’s no engine.;Chúng tôi đang sửa một chiếc thuyền, nhưng không có động cơ.
Story/Tangaroa/Voiceline/Ruben4_6;Text;;The raft-kid thinks we could take one of the golf cart engines. It’s not a bad idea.;Đứa trẻ lái bè nghĩ chúng tôi có thể lấy một trong những động cơ xe golf. Không phải ý tồi.
Story/Tangaroa/Voiceline/Ruben4_7;Text;;Captain Tulley and the ‘investors’ are still up in the tower. I say leave them there to rot.;Thuyền trưởng Tulley và các 'nhà đầu tư' vẫn ở trên tháp. Tôi nói cứ để họ mục rữa ở đó.
Story/Tangaroa/Voiceline/Ruben4_8;Text;;Captain Tulley and the ‘investors’ are still up in the tower. I say leave them there to rot.;Thuyền trưởng Tulley và các 'nhà đầu tư' vẫn ở trên tháp. Tôi nói cứ để họ mục rữa ở đó.
Story/Tangaroa/Voiceline/Ruben5_1;Text;;The kid’s name is Detto.;Tên cậu bé là Detto.
Story/Tangaroa/Voiceline/Ruben5_2;Text;;How someone his age was able to reconstruct an engine like that I’ll never know, but now we’ve got the boat working.;Tôi sẽ không bao giờ hiểu được sao ở tuổi đó cậu ấy có thể tái chế một động cơ như vậy, nhưng giờ chúng tôi đã có thuyền hoạt động.
Story/Tangaroa/Voiceline/Ruben5_3;Text;;We’ll be gathering up a few more survivors before we head off.;Chúng tôi sẽ gom thêm vài người sống sót trước khi lên đường.
Story/Tangaroa/Voiceline/Ruben5_4;Text;;The rafters either hid up in the apartments or left to sea. Most of them seemed sick. ;Người lái bè hoặc trốn trong các căn hộ hoặc đã ra khơi. Hầu hết trông có vẻ bị bệnh.
Story/Tangaroa/Voiceline/Ruben5_5;Text;;No wonder they were so desperate. We need to hurry. ;Không trách được sao họ tuyệt vọng đến vậy. Chúng ta cần khẩn trương.
Story/Tangaroa/Voiceline/Ruben5_6;Text;;Those large rats that came with the rafters are aggressive.;Những con chuột lớn đi cùng người lái bè rất hung dữ.
Story/Tangaroa/Voiceline/Ruben5_7;Text;;I say let them chew Tangaroa into pieces. I’m coming for you, Hanne. ;Tôi nói cứ để chúng gặm nát Tangaroa thành từng mảnh. Anh đang đến với em, Hanne.
Story/Tangaroa/Voiceline/Ruben5_8;Text;;Remember the place we heard about? The sanctuary? We’ll meet there. I know it.;Nhớ nơi chúng ta từng nghe đến không? Nơi trú ẩn ấy? Chúng ta sẽ gặp nhau ở đó. Anh biết mà.
Story/Tangaroa/Voiceline/Ruben5_9;Text;;I’ll see you there. Utopia.;Anh sẽ gặp em ở đó. Utopia.
Story/Tangaroa/Voiceline/TulleyNote_1;Text;;My name is James Tulley. This is my final message.;Tên tôi là James Tulley. Đây là thông điệp cuối cùng của tôi.
Story/Tangaroa/Voiceline/TulleyNote_2;Text;;Tangaroa City was built on a purely theoretical basis, using engines that had barely been tested, held together by the sweat and tears of our crew. ;Thành phố Tangaroa được xây dựng hoàn toàn dựa trên lý thuyết, sử dụng những động cơ hầu như chưa được thử nghiệm, giữ với nhau bằng mồ hôi và nước mắt của thủy thủ đoàn chúng tôi.
Story/Tangaroa/Voiceline/TulleyNote_3;Text;;But we were never sustainable. I should have accepted that months ago.;Nhưng chúng tôi chưa bao giờ bền vững. Lẽ ra tôi nên chấp nhận điều đó từ nhiều tháng trước.
Story/Tangaroa/Voiceline/TulleyNote_4;Text;;When the rafters arrived I could have let them starve with us. But I didn't.;Khi những người lái bè đến, tôi đã có thể để họ chết đói cùng chúng tôi. Nhưng tôi đã không làm vậy.
Story/Tangaroa/Voiceline/TulleyNote_5;Text;;The only right choice was to abandon Tangaroa to the waves.;Lựa chọn đúng đắn duy nhất là bỏ Tangaroa cho sóng biển.
Story/Tangaroa/Voiceline/TulleyNote_6;Text;;Now I will stay here, trapped in the cockpit with two dozen idiots who used to run the world.;Giờ tôi sẽ ở lại đây, mắc kẹt trong buồng lái với hai chục kẻ ngốc từng điều hành cả thế giới.
Story/Tangaroa/Voiceline/TulleyNote_7;Text;;Don’t worry. We’ll pay for our sins before the end.;Đừng lo. Chúng tôi sẽ trả giá cho tội lỗi của mình trước khi kết thúc.
Story/Temperance/Bruno1;Text;;"I’ve already lost MIRANDA. I will not lose you too, HENRY.

The two of us have followed a signal far south. I know it's from my sister. There’s no doubt. 

HENRY is skeptical. He thinks the cold will be dangerous. I'm more scared of whatever’s out there in the snowstorm…
~Bruno";"Tôi đã mất MIRANDA rồi. Tôi sẽ không mất cả cậu nữa, HENRY.

Hai chúng tôi đã đi theo một tín hiệu về phía nam xa xôi. Tôi biết đó là của chị tôi. Không nghi ngờ gì cả.

HENRY hoài nghi. Cậu ấy nghĩ cái lạnh sẽ nguy hiểm. Tôi sợ thứ gì đó ngoài kia trong cơn bão tuyết hơn...
~Bruno"
Story/Temperance/Bruno2;Text;;"There’s bears all over this frozen island!

One of them completely wrecked the boat when we tried to get away. None of the usual tricks worked either. HENRY and I would have been eaten if that boy with the airhorn hadn’t showed up. His name is Detto. Says he came here with some survivors.

I asked HENRY if I should trust the boy. But I didn’t get an answer.
~Bruno";"Có gấu khắp cả hòn đảo băng giá này!

Một con đã phá hủy hoàn toàn chiếc thuyền khi chúng tôi cố chạy trốn. Không mẹo nào trong số những mẹo thường dùng có tác dụng cả. HENRY và tôi lẽ ra đã bị ăn thịt nếu cậu bé với chiếc còi hơi đó không xuất hiện. Tên cậu ấy là Detto. Nói rằng cậu ấy đến đây cùng vài người sống sót.

Tôi hỏi HENRY liệu có nên tin cậu bé không. Nhưng tôi không nhận được câu trả lời.
~Bruno"
Story/Temperance/Bruno3;Text;;"Detto showed me and HENRY some abandoned igloos. The boy got them open by fiddling with some cables? The big igloo is still shut though. I wonder what’s inside…

Detto introduced me to a man named Ruben. He was hurt. Looked like wounds from a bear attack, so I helped fix up the wounds. Astrid used to fix up my wounds the same way.

Where are you, sis?
~Bruno";"Detto chỉ cho tôi và HENRY vài túp lều tuyết bị bỏ hoang. Cậu bé mở được chúng bằng cách nghịch vài sợi cáp? Túp lều tuyết lớn thì vẫn đóng kín. Tôi tự hỏi bên trong có gì...

Detto giới thiệu tôi với một người đàn ông tên Ruben. Anh ấy bị thương. Trông giống vết thương từ một cuộc tấn công của gấu, nên tôi đã giúp băng bó vết thương. Astrid từng băng bó vết thương cho tôi theo cách y hệt vậy.

Chị đang ở đâu vậy, chị ơi?
~Bruno"
Story/Temperance/Bruno4;Text;;"That kid Detto is really smart. Using material we salvaged, he was able to fix up my boat. Ruben is recovering too, but... he doesn’t seem to want to talk to me a lot. Both of them stare whenever I talk to HENRY…?

HENRY doesn’t like the way they look at us. I think I need to do something.
~Bruno";"Cậu nhóc Detto đó thực sự thông minh. Dùng vật liệu chúng tôi nhặt được, cậu ấy đã sửa được thuyền của tôi. Ruben cũng đang hồi phục, nhưng... anh ấy có vẻ không muốn nói chuyện với tôi nhiều. Cả hai đều nhìn chằm chằm mỗi khi tôi nói chuyện với HENRY...?

HENRY không thích cách họ nhìn chúng tôi. Tôi nghĩ tôi cần làm gì đó.
~Bruno"
Story/Temperance/Bruno5;Text;;"The boat is ready to go. Detto is ready with the airhorn, and Ruben can at least walk.

HENRY is staying behind. It’s bittersweet. He doesn’t speak with me anymore, but I think it’s safer for someone to stay behind. Detto says there’s a place with lots of people. Ruben says Astrid might be there. She definitely isn’t here, in this cold place.

It’s nice talking to people.
~Bruno";"Thuyền đã sẵn sàng lên đường. Detto đã sẵn sàng với chiếc còi hơi, và Ruben ít nhất có thể đi lại được.

HENRY sẽ ở lại. Thật vừa ngọt vừa đắng. Cậu ấy không còn nói chuyện với tôi nữa, nhưng tôi nghĩ sẽ an toàn hơn nếu có ai đó ở lại. Detto nói có một nơi có rất nhiều người. Ruben nói Astrid có thể ở đó. Chắc chắn chị ấy không có ở đây, nơi lạnh lẽo này.

Thật tốt khi được nói chuyện với mọi người.
~Bruno"
Story/Temperance/Sparrow1;Text;;"I am called Sparrow. Whoever finds this, know that I held humanity’s interest first. Always.

I was sent to Selene alongside two colleagues. One of which I discovered was a mole by the ‘investors’. Had Owl been allowed to come to Selene, the knowledge of this unlimited green energy would have been monopolized by the same people who caused this mess to begin with.

The other colleague… I left behind. I did not trust you, Cuckoo. I couldn’t. It was too much of a risk. I hope you will forgive me.
~Sparrow";"Tôi được gọi là Sparrow. Bất cứ ai tìm thấy điều này, hãy biết rằng tôi luôn đặt lợi ích của nhân loại lên hàng đầu. Luôn luôn.

Tôi được cử đến Selene cùng hai đồng nghiệp. Một trong số họ tôi phát hiện ra là gián điệp của các 'nhà đầu tư'. Nếu Owl được phép đến Selene, kiến thức về nguồn năng lượng xanh vô hạn này sẽ bị độc quyền hóa bởi chính những người đã gây ra mớ hỗn độn này từ đầu.

Còn người đồng nghiệp kia... tôi đã bỏ lại. Tôi không tin cậu, Cuckoo. Tôi không thể. Rủi ro quá lớn. Tôi mong cậu sẽ tha thứ cho tôi.
~Sparrow"
Story/Temperance/Sparrow2;Text;;"The Selene facility was built for one purpose: master and perfect the experimental reactors used to power the floating cities. No easy task. But it has been done. In theory. Yet we do not have the people to construct anything but a basic prototype. It can be built for real, I know it! We just need more people.

There’s a place where the rafters live in peace with any survivors of the old world. They call it Utopia. Maybe there we can begin to reverse the damage we’ve done. But we received a message from them yesterday. One of the ‘investors’ has taken control of the community. Olof Wilkstrom. I fear his intentions with this potential Utopia.
~Sparrow";"Cơ sở Selene được xây dựng cho một mục đích duy nhất: làm chủ và hoàn thiện các lò phản ứng thử nghiệm dùng để cấp năng lượng cho các thành phố nổi. Không phải việc dễ dàng. Nhưng nó đã được thực hiện. Về mặt lý thuyết. Nhưng chúng tôi không có đủ người để xây dựng bất cứ thứ gì ngoài một nguyên mẫu cơ bản. Nó có thể được xây dựng thật sự, tôi biết điều đó! Chúng tôi chỉ cần thêm người.

Có một nơi mà những người lái bè sống trong hòa bình cùng bất kỳ người sống sót nào của thế giới cũ. Họ gọi đó là Utopia. Có lẽ ở đó chúng tôi có thể bắt đầu khắc phục những thiệt hại đã gây ra. Nhưng hôm qua chúng tôi nhận được một thông điệp từ họ. Một trong các 'nhà đầu tư' đã chiếm quyền kiểm soát cộng đồng. Olof Wilkstrom. Tôi lo sợ về ý đồ của hắn với Utopia tiềm năng này.
~Sparrow"
Story/Temperance/Voiceline/Bruno1_1;Text;;I’ve already lost MIRANDA. I will not lose you too, HENRY.;Tôi đã mất MIRANDA rồi. Tôi sẽ không mất cả cậu nữa, HENRY.
Story/Temperance/Voiceline/Bruno1_2;Text;;The two of us have followed a signal far south. I know it's from my sister. There’s no doubt. ;Hai chúng tôi đã đi theo một tín hiệu về phía nam xa xôi. Tôi biết đó là của chị tôi. Không nghi ngờ gì cả.
Story/Temperance/Voiceline/Bruno1_3;Text;;HENRY is skeptical. He thinks the cold will be dangerous.;HENRY hoài nghi. Cậu ấy nghĩ cái lạnh sẽ nguy hiểm.
Story/Temperance/Voiceline/Bruno1_4;Text;;I'm more scared of whatever’s out there in the snowstorm…;Tôi sợ thứ gì đó ngoài kia trong cơn bão tuyết hơn...
Story/Temperance/Voiceline/Bruno2_1;Text;;There’s bears all over this frozen island!;Có gấu khắp cả hòn đảo băng giá này!
Story/Temperance/Voiceline/Bruno2_2;Text;;One of them completely wrecked the boat when we tried to get away. ;Một con đã phá hủy hoàn toàn chiếc thuyền khi chúng tôi cố chạy trốn.
Story/Temperance/Voiceline/Bruno2_3;Text;;None of the usual tricks worked either. ;Không mẹo nào trong số những mẹo thường dùng có tác dụng cả.
Story/Temperance/Voiceline/Bruno2_4;Text;;HENRY and I would have been eaten if that boy with the airhorn hadn’t showed up. ;HENRY và tôi lẽ ra đã bị ăn thịt nếu cậu bé với chiếc còi hơi đó không xuất hiện.
Story/Temperance/Voiceline/Bruno2_5;Text;;His name is Detto. Says he came here with some survivors.;Tên cậu ấy là Detto. Nói rằng cậu ấy đến đây cùng vài người sống sót.
Story/Temperance/Voiceline/Bruno2_6;Text;;I asked HENRY if I should trust the boy. But I didn’t get an answer.;Tôi hỏi HENRY liệu có nên tin cậu bé không. Nhưng tôi không nhận được câu trả lời.
Story/Temperance/Voiceline/Bruno3_1;Text;;Detto showed me and HENRY some abandoned igloos.;Detto chỉ cho tôi và HENRY vài túp lều tuyết bị bỏ hoang.
Story/Temperance/Voiceline/Bruno3_2;Text;;The boy got them open by fiddling with some cables? The big igloo is still shut though.;Cậu bé mở được chúng bằng cách nghịch vài sợi cáp? Túp lều tuyết lớn thì vẫn đóng kín.
Story/Temperance/Voiceline/Bruno3_3;Text;;I wonder what’s inside…;Tôi tự hỏi bên trong có gì...
Story/Temperance/Voiceline/Bruno3_4;Text;;Detto introduced me to a man named Ruben. He was hurt.;Detto giới thiệu tôi với một người đàn ông tên Ruben. Anh ấy bị thương.
Story/Temperance/Voiceline/Bruno3_5;Text;;Looked like wounds from a bear attack, so I helped fix up the wounds.;Trông giống vết thương từ một cuộc tấn công của gấu, nên tôi đã giúp băng bó vết thương.
Story/Temperance/Voiceline/Bruno3_6;Text;;Astrid used to fix up my wounds the same way. Where are you, sis?;Astrid từng băng bó vết thương cho tôi theo cách y hệt vậy. Chị đang ở đâu vậy, chị ơi?
Story/Temperance/Voiceline/Bruno4_1;Text;;That kid Detto is really smart. Using material we salvaged, he was able to fix up my boat.;Cậu nhóc Detto đó thực sự thông minh. Dùng vật liệu chúng tôi nhặt được, cậu ấy đã sửa được thuyền của tôi.
Story/Temperance/Voiceline/Bruno4_2;Text;;Ruben is recovering too, but... he doesn’t seem to want to talk to me a lot.;Ruben cũng đang hồi phục, nhưng... anh ấy có vẻ không muốn nói chuyện với tôi nhiều.
Story/Temperance/Voiceline/Bruno4_3;Text;;Both of them stare whenever I talk to HENRY…?;Cả hai đều nhìn chằm chằm mỗi khi tôi nói chuyện với HENRY...?
Story/Temperance/Voiceline/Bruno4_4;Text;;HENRY doesn’t like the way they look at us. I think I need to do something.;HENRY không thích cách họ nhìn chúng tôi. Tôi nghĩ tôi cần làm gì đó.
Story/Temperance/Voiceline/Bruno5_1;Text;;The boat is ready to go. Detto is ready with the airhorn, and Ruben can at least walk.;Thuyền đã sẵn sàng lên đường. Detto đã sẵn sàng với chiếc còi hơi, và Ruben ít nhất có thể đi lại được.
Story/Temperance/Voiceline/Bruno5_2;Text;;HENRY is staying behind. It’s bittersweet.;HENRY sẽ ở lại. Thật vừa ngọt vừa đắng.
Story/Temperance/Voiceline/Bruno5_3;Text;;He doesn’t speak with me anymore, but I think it’s safer for someone to stay behind. ;Cậu ấy không còn nói chuyện với tôi nữa, nhưng tôi nghĩ sẽ an toàn hơn nếu có ai đó ở lại.
Story/Temperance/Voiceline/Bruno5_4;Text;;Detto says there’s a place with lots of people. Ruben says Astrid might be there.;Detto nói có một nơi có rất nhiều người. Ruben nói Astrid có thể ở đó.
Story/Temperance/Voiceline/Bruno5_5;Text;;She definitely isn’t here, in this cold place. It’s nice talking to people.;Chắc chắn chị ấy không có ở đây, nơi lạnh lẽo này. Thật tốt khi được nói chuyện với mọi người.
Story/Temperance/Voiceline/Sparrow1_1;Text;;I am called Sparrow. Whoever finds this, know that I held humanity’s interest first. Always.;Tôi được gọi là Sparrow. Bất cứ ai tìm thấy điều này, hãy biết rằng tôi luôn đặt lợi ích của nhân loại lên hàng đầu. Luôn luôn.
Story/Temperance/Voiceline/Sparrow1_2;Text;;I was sent to Selene alongside two colleagues.;Tôi được cử đến Selene cùng hai đồng nghiệp.
Story/Temperance/Voiceline/Sparrow1_3;Text;;One of which I discovered was a mole by the ‘investors’.;Một trong số họ tôi phát hiện ra là gián điệp của các 'nhà đầu tư'.
Story/Temperance/Voiceline/Sparrow1_4;Text;;Had Owl been allowed to come to Selene, the knowledge of this unlimited green energy would have been monopolized by the same people who caused this mess to begin with.;Nếu Owl được phép đến Selene, kiến thức về nguồn năng lượng xanh vô hạn này sẽ bị độc quyền hóa bởi chính những người đã gây ra mớ hỗn độn này từ đầu.
Story/Temperance/Voiceline/Sparrow1_5;Text;;The other colleague… I left behind. I did not trust you, Cuckoo.;Còn người đồng nghiệp kia... tôi đã bỏ lại. Tôi không tin cậu, Cuckoo.
Story/Temperance/Voiceline/Sparrow1_6;Text;;I couldn’t. It was too much of a risk. I hope you will forgive me.;Tôi không thể. Rủi ro quá lớn. Tôi mong cậu sẽ tha thứ cho tôi.
Story/Temperance/Voiceline/Sparrow2_1;Text;;The Selene facility was built for one purpose: master and perfect the experimental reactors used to power the floating cities.;Cơ sở Selene được xây dựng cho một mục đích duy nhất: làm chủ và hoàn thiện các lò phản ứng thử nghiệm dùng để cấp năng lượng cho các thành phố nổi.
Story/Temperance/Voiceline/Sparrow2_2;Text;;No easy task. But it has been done. In theory.;Không phải việc dễ dàng. Nhưng nó đã được thực hiện. Về mặt lý thuyết.
Story/Temperance/Voiceline/Sparrow2_3;Text;;Yet we do not have the people to construct anything but a basic prototype. ;Nhưng chúng tôi không có đủ người để xây dựng bất cứ thứ gì ngoài một nguyên mẫu cơ bản.
Story/Temperance/Voiceline/Sparrow2_4;Text;;It can be built for real, I know it! We just need more people.;Nó có thể được xây dựng thật sự, tôi biết điều đó! Chúng tôi chỉ cần thêm người.
Story/Temperance/Voiceline/Sparrow2_5;Text;;There’s a place where the rafters live in peace with any survivors of the old world. They call it Utopia. ;Có một nơi mà những người lái bè sống trong hòa bình cùng bất kỳ người sống sót nào của thế giới cũ. Họ gọi đó là Utopia.
Story/Temperance/Voiceline/Sparrow2_6;Text;;Maybe there we can begin to reverse the damage we’ve done. But we received a message from them yesterday. ;Có lẽ ở đó chúng tôi có thể bắt đầu khắc phục những thiệt hại đã gây ra. Nhưng hôm qua chúng tôi nhận được một thông điệp từ họ.
Story/Temperance/Voiceline/Sparrow2_7;Text;;One of the ‘investors’ has taken control of the community. Olof Wilkstrom.;Một trong các 'nhà đầu tư' đã chiếm quyền kiểm soát cộng đồng. Olof Wilkstrom.
Story/Temperance/Voiceline/Sparrow2_8;Text;;I fear his intentions with this potential Haven.;Tôi lo sợ về ý đồ của hắn với Haven tiềm năng này.
Story/Utopia/Captives;Text;;"FROM THE PEOPLE OF UTOPIA

Do NOT trust Olof Wilkstrom. When he arrived here we took his word in good faith. He exploited us at every turn. Now all of us ‘dissenters’ are locked up. Which is everyone, by my count.

To anyone reading this, Olof should be up in the marketplace. BEWARE of his rabid beasts! Please, take the master key from him. Set us free! Set Utopia FREE!
~Hanne, Utopia Representative";"TỪ NGƯỜI DÂN UTOPIA

Đừng tin Olof Wilkstrom. Khi hắn đến đây chúng tôi đã tin lời hắn với thiện chí. Hắn đã lợi dụng chúng tôi ở mọi ngã rẽ. Giờ tất cả chúng tôi, những 'kẻ bất đồng', đều bị nhốt lại. Mà theo tôi đếm thì đó là tất cả mọi người.

Ai đọc được điều này, Olof chắc đang ở khu chợ. HÃY CẨN THẬN với lũ thú dữ của hắn! Làm ơn, hãy lấy chìa khóa vạn năng từ hắn. Giải phóng chúng tôi! Giải phóng Utopia!
~Hanne, Đại diện Utopia"
Story/Utopia/DettoRaft;Text;;"DETTO'S UTOPIA JOURNAL -SUPER SECRET-

I have my own raft! And it’s hooked up to actual wind turbines! If I had even more power, just imagine all the experiments I could run… 

But now that lunatic Olof appeared.  His cages are already unloaded and now he’s promising to help everyone with his ‘army’. 

Last I saw him, Olof Wilkstrom ruined Caravan Town. I will NEVER forgive him! I hope Hanne and Ruben listen to me. He is not to be trusted!

Just in case I’ve decided to up the security on my raft. This map should allow only the SMARTEST of people to enter!

Like me!";"NHẬT KÝ UTOPIA CỦA DETTO -SIÊU MẬT-

Con có bè riêng rồi! Và nó được nối với những tua bin gió thật sự! Nếu con có nhiều điện hơn nữa, cứ tưởng tượng bao nhiêu thí nghiệm con có thể chạy được...

Nhưng giờ tên điên Olof đó xuất hiện. Lồng của hắn đã được dỡ xuống rồi và giờ hắn hứa sẽ giúp mọi người bằng 'đội quân' của hắn.

Lần cuối con thấy hắn, Olof Wilkstrom đã phá hủy Caravan Town. Con sẽ KHÔNG BAO GIỜ tha thứ cho hắn! Con mong Hanne và Ruben nghe lời con. Không được tin hắn!

Để phòng hờ con đã quyết định tăng cường an ninh cho bè của mình. Bản đồ này chỉ nên cho phép người THÔNG MINH NHẤT vào thôi!

Như con!"
Story/Utopia/EndSlides;Text;;"When the ocean itself broke the Forward Scouts, the survivors were left with nothing.

Yet they persisted, rose up from nothing, defied our flooded world, and brought back hope.

Now Utopia stands free once again thanks to their actions.

With this final chance we can begin the slow and difficult road to recovery.

From today on, we are all Forward Scouts, ready to discover the next step for humanity.";"Khi chính đại dương đánh gục các Trinh Sát Tiên Phong, những người sống sót chẳng còn lại gì.

Vậy mà họ vẫn kiên trì, vươn lên từ đống đổ nát, thách thức thế giới ngập nước của chúng ta, và mang hy vọng trở lại.

Giờ Utopia đứng vững tự do một lần nữa nhờ hành động của họ.

Với cơ hội cuối cùng này, chúng ta có thể bắt đầu con đường chậm rãi và khó khăn để hồi phục.

Từ hôm nay, tất cả chúng ta đều là Trinh Sát Tiên Phong, sẵn sàng khám phá bước tiếp theo cho nhân loại."
Story/Utopia/Voiceline/AnnisaDialogue1;Text;;That was so scary!;Chuyện đó thật đáng sợ!
Story/Utopia/Voiceline/AnnisaDialogue2;Text;;I'm still a bit in shock.;Tôi vẫn còn hơi sốc.
Story/Utopia/Voiceline/AnnisaDialogue3;Text;;Good job dealing with that Olof fellow.;Làm tốt lắm khi xử lý tên Olof đó.
Story/Utopia/Voiceline/AnnisaDialogue4;Text;;Let’s make sure it doesn’t happen again, okay?;Hãy đảm bảo chuyện đó không xảy ra nữa nhé?
Story/Utopia/Voiceline/BrunoDialogue1;Text;;This Olof fellow doesn’t seem like the nicest type.;Tên Olof này có vẻ không phải loại người tử tế.
Story/Utopia/Voiceline/BrunoDialogue10;Text;;I heard Hanne is organizing new ‘scouts’ for something. Maybe I’ll go? I could look for Astrid.;Tôi nghe nói Hanne đang tổ chức các 'trinh sát' mới cho việc gì đó. Có lẽ tôi sẽ đi? Tôi có thể tìm Astrid.
Story/Utopia/Voiceline/BrunoDialogue11;Text;;I don’t like being alone. But sometimes all these people is a bit much.;Tôi không thích ở một mình. Nhưng đôi khi quá nhiều người cũng hơi nhiều.
Story/Utopia/Voiceline/BrunoDialogue12;Text;;At night I like looking out at the ocean. Suddenly I don’t feel so lonely anymore.;Ban đêm tôi thích nhìn ra đại dương. Bỗng nhiên tôi không còn thấy cô đơn nữa.
Story/Utopia/Voiceline/BrunoDialogue13;Text;;Hanne says if you like yourself you’ll never be lonely. I wonder if I can learn to do that.;Hanne nói nếu bạn yêu bản thân mình thì sẽ không bao giờ cô đơn. Tôi tự hỏi liệu mình có học được điều đó không.
Story/Utopia/Voiceline/BrunoDialogue14_1;Text;;Maybe I’ll go back to Balboa one day. Why? I… think I left someone behind. ;Có lẽ một ngày nào đó tôi sẽ về lại Balboa. Tại sao à? Tôi... nghĩ tôi đã bỏ lại ai đó.
Story/Utopia/Voiceline/BrunoDialogue14_2;Text;;Several someones, in fact.;Thực ra là vài người.
Story/Utopia/Voiceline/BrunoDialogue15;Text;;It was a long journey to get here. But look at this place! So many people!;Đó là một chuyến đi dài để đến được đây. Nhưng nhìn nơi này xem! Bao nhiêu là người!
Story/Utopia/Voiceline/BrunoDialogue16;Text;;Life here is not so bad. I will show Astrid one day.;Cuộc sống ở đây không tệ lắm. Tôi sẽ cho Astrid xem một ngày nào đó.
Story/Utopia/Voiceline/BrunoDialogue17;Text;;That kid Detto has so many new ideas. I can’t wrap my head around them! I’ll stick to my radios.;Cậu nhóc Detto đó có quá nhiều ý tưởng mới. Tôi không thể hiểu nổi! Tôi sẽ bám vào mấy cái radio của mình thôi.
Story/Utopia/Voiceline/BrunoDialogue18;Text;;Astrid was the bear expert. I was the radio guy. That’s how we split the workload.;Astrid là chuyên gia về gấu. Tôi là người phụ trách radio. Đó là cách chúng tôi chia công việc.
Story/Utopia/Voiceline/BrunoDialogue19_1;Text;;Hanne and Ruben said I did some great things to their radio setup. ;Hanne và Ruben nói tôi đã làm được vài điều tuyệt vời với hệ thống radio của họ.
Story/Utopia/Voiceline/BrunoDialogue19_2;Text;;I wouldn’t call it great, but it’s nice to be able to help.;Tôi sẽ không gọi nó là tuyệt vời đâu, nhưng thật tốt khi có thể giúp đỡ.
Story/Utopia/Voiceline/BrunoDialogue2;Text;;Thank you for letting us out! It was getting cramped in there.;Cảm ơn đã thả chúng tôi ra! Trong đó chật chội quá.
Story/Utopia/Voiceline/BrunoDialogue20_1;Text;;Honestly, I don’t miss the bears. Pretty happy that there aren’t any here.;Thành thật mà nói, tôi không nhớ mấy con gấu chút nào. Khá vui vì ở đây không có con nào.
Story/Utopia/Voiceline/BrunoDialogue20_2;Text;;Wouldn’t that be weird though? Bears in a skyscraper? Haha. You haven’t seen any have you?;Nhưng chẳng phải sẽ kỳ lạ sao? Gấu trong một tòa nhà chọc trời? Haha. Bạn chưa thấy con nào chứ?
Story/Utopia/Voiceline/BrunoDialogue21_1;Text;;Temperance was a strange island. Just abandoned.;Temperance là một hòn đảo kỳ lạ. Chỉ toàn bị bỏ hoang.
Story/Utopia/Voiceline/BrunoDialogue21_2;Text;;Hanne thinks we’ll go back there soon. Give everything another go.;Hanne nghĩ chúng tôi sẽ sớm quay lại đó. Thử lại mọi thứ một lần nữa.
Story/Utopia/Voiceline/BrunoDialogue3;Text;;You haven’t met a woman called Astrid, have you? No? If you do, let me know.;Bạn chưa gặp một người phụ nữ tên Astrid chứ? Chưa à? Nếu gặp, hãy cho tôi biết.
Story/Utopia/Voiceline/BrunoDialogue4;Text;;I miss Henry. He always knew what to say.;Tôi nhớ Henry. Cậu ấy luôn biết nói gì.
Story/Utopia/Voiceline/BrunoDialogue5;Text;;Miranda went her own way. I’m sure she’s alright out there, somewhere. Hopefully not alone.;Miranda đã đi con đường riêng của mình. Tôi chắc cô ấy vẫn ổn ở đâu đó ngoài kia. Mong là không cô đơn.
Story/Utopia/Voiceline/BrunoDialogue6;Text;;I’m just going to focus on finding Astrid now.;Giờ tôi chỉ tập trung tìm Astrid thôi.
Story/Utopia/Voiceline/BrunoDialogue7;Text;;My sister is out there somewhere, I know it!;Chị tôi đang ở đâu đó ngoài kia, tôi biết mà!
Story/Utopia/Voiceline/BrunoDialogue8;Text;;You were on Balboa? The bears weren’t too much of a hassle, I hope.;Bạn từng ở Balboa à? Mong là mấy con gấu không gây quá nhiều rắc rối.
Story/Utopia/Voiceline/BrunoDialogue9;Text;;You’ve been to Temperance too? You must really like bears.;Bạn cũng từng đến Temperance? Chắc bạn thực sự thích gấu lắm.
Story/Utopia/Voiceline/Captives_1;Text;;FROM THE PEOPLE OF UTOPIA;TỪ NGƯỜI DÂN UTOPIA
Story/Utopia/Voiceline/Captives_2;Text;;Do NOT trust Olof Wilkstrom. When he arrived here we took his word in good faith.;Đừng tin Olof Wilkstrom. Khi hắn đến đây chúng tôi đã tin lời hắn với thiện chí.
Story/Utopia/Voiceline/Captives_3;Text;;He exploited us at every turn. Now all of us ‘dissenters’ are locked up.;Hắn đã lợi dụng chúng tôi ở mọi ngã rẽ. Giờ tất cả chúng tôi, những 'kẻ bất đồng', đều bị nhốt lại.
Story/Utopia/Voiceline/Captives_4;Text;;Which is everyone, by my count. To anyone reading this, Olof should be up in the marketplace.;Mà theo tôi đếm thì đó là tất cả mọi người. Ai đọc được điều này, Olof chắc đang ở khu chợ.
Story/Utopia/Voiceline/Captives_5;Text;;BEWARE of his rabid beasts! Please, take the master key from him.;HÃY CẨN THẬN với lũ thú dữ của hắn! Làm ơn, hãy lấy chìa khóa vạn năng từ hắn.
Story/Utopia/Voiceline/Captives_6;Text;;Set us free! Set Utopia FREE!;Giải phóng chúng tôi! Giải phóng Utopia!
Story/Utopia/Voiceline/CitraDialogue1;Text;;The turbines are still working, wonderful.;Tua bin vẫn hoạt động, tuyệt vời.
Story/Utopia/Voiceline/CitraDialogue2;Text;;Ruben went to check up on the systems straight away.;Ruben đã đi kiểm tra hệ thống ngay lập tức.
Story/Utopia/Voiceline/CitraDialogue3;Text;;Without him we’d still be using candles every night.;Không có anh ấy chúng tôi vẫn sẽ phải dùng nến mỗi đêm.
Story/Utopia/Voiceline/CitraDialogue4;Text;;It would be nice if we had a proper reactor, like on Tangaroa.;Sẽ tốt nếu chúng tôi có một lò phản ứng thực sự, như ở Tangaroa.
Story/Utopia/Voiceline/CitraDialogue5;Text;;Maybe one day.;Có lẽ một ngày nào đó.
Story/Utopia/Voiceline/DettoDialogue1;Text;;No one ever listens to me. Maybe they’ll listen after this!;Chẳng ai từng nghe lời tôi cả. Có lẽ họ sẽ nghe sau vụ này!
Story/Utopia/Voiceline/DettoDialogue10_1;Text;;Hanne promised me I would get to experiment on the water system!;Hanne hứa với tôi rằng tôi sẽ được thử nghiệm trên hệ thống nước!
Story/Utopia/Voiceline/DettoDialogue10_2;Text;;As long as I promise to not break anything. And remember how to put it back together.;Miễn là tôi hứa không làm hỏng gì cả. Và nhớ cách lắp nó lại.
Story/Utopia/Voiceline/DettoDialogue10_3;Text;;And remember how to make it work again.;Và nhớ cách làm cho nó hoạt động lại.
Story/Utopia/Voiceline/DettoDialogue11_1;Text;;Hanne says there is a lot of stuff on the bottom of the ocean. ;Hanne nói có rất nhiều thứ dưới đáy đại dương.
Story/Utopia/Voiceline/DettoDialogue11_2;Text;;An entire world! I’ll try making another diving suit…;Cả một thế giới! Tôi sẽ thử làm một bộ đồ lặn khác...
Story/Utopia/Voiceline/DettoDialogue12_1;Text;;I found some notes on Temperance too, you know.;Tôi cũng tìm thấy vài ghi chú trên Temperance nữa, bạn biết đấy.
Story/Utopia/Voiceline/DettoDialogue12_2;Text;;Once the grown ups have decided, I’m going to try building one of those reactors myself! ;Một khi người lớn đã quyết định, tôi sẽ tự thử xây một trong những lò phản ứng đó!
Story/Utopia/Voiceline/DettoDialogue12_3;Text;;Don’t tell Ruben, it’s a secret!;Đừng nói cho Ruben biết, đó là bí mật!
Story/Utopia/Voiceline/DettoDialogue13;Text;;What is that saying…? Better to ask forgiveness than permission? Yeah, that’s what I’ll do!;Câu nói đó là gì nhỉ...? Xin lỗi còn hơn xin phép? Đúng rồi, đó là điều tôi sẽ làm!
Story/Utopia/Voiceline/DettoDialogue14;Text;;I have so many ideas! No, it’s top secret. Stop asking.;Tôi có nhiều ý tưởng lắm! Không, nó tối mật. Đừng hỏi nữa.
Story/Utopia/Voiceline/DettoDialogue15;Text;;I have a feeling I’m going to save the world. What are you laughing for?;Tôi có cảm giác mình sẽ cứu cả thế giới. Bạn cười gì vậy?
Story/Utopia/Voiceline/DettoDialogue16;Text;;Bruno is leaving with some scouts, I think. He needs to find his sister!;Bruno đang rời đi với vài trinh sát, tôi nghĩ vậy. Cậu ấy cần tìm chị mình!
Story/Utopia/Voiceline/DettoDialogue17;Text;;It’s good Bruno isn’t talking to dolls anymore. He can talk to people instead!;May là Bruno không còn nói chuyện với búp bê nữa. Giờ cậu ấy có thể nói chuyện với người thật rồi!
Story/Utopia/Voiceline/DettoDialogue18_1;Text;;Yeah, Bruno’s radios are fine. Great. But he’s thinking too small.;Ừ, radio của Bruno ổn mà. Tuyệt vời. Nhưng cậu ấy nghĩ nhỏ quá.
Story/Utopia/Voiceline/DettoDialogue18_2;Text;;Imagine all the things we could send to each other if we were more connected. ;Tưởng tượng xem chúng ta có thể gửi cho nhau bao nhiêu thứ nếu kết nối tốt hơn.
Story/Utopia/Voiceline/DettoDialogue18_3;Text;;Like photos! Or even better, invention schematics!;Như ảnh chẳng hạn! Hay tốt hơn nữa, bản vẽ phát minh!
Story/Utopia/Voiceline/DettoDialogue19;Text;;I’m pretty popular around here. Soon the whole ocean will hear about Detto, master inventor!;Tôi khá nổi tiếng ở đây rồi đấy. Sớm thôi cả đại dương sẽ nghe về Detto, bậc thầy phát minh!
Story/Utopia/Voiceline/DettoDialogue2;Text;;Good work! Olof won’t be ruining anything else, as long as I have a say in it!;Làm tốt lắm! Olof sẽ không phá hủy gì thêm nữa, chừng nào tôi còn có tiếng nói!
Story/Utopia/Voiceline/DettoDialogue20;Text;;Believe me, I’m going right back to working on the next experiment!;Tin tôi đi, tôi sẽ quay lại làm thí nghiệm tiếp theo ngay!
Story/Utopia/Voiceline/DettoDialogue21_1;Text;;Hanne and Ruben are the perfect people to keep Utopia running.;Hanne và Ruben là những người hoàn hảo để duy trì Utopia.
Story/Utopia/Voiceline/DettoDialogue21_2;Text;;I would know, I have good people skills.;Tôi biết chứ, tôi giỏi giao tiếp với người khác mà.
Story/Utopia/Voiceline/DettoDialogue22;Text;;Okay, okay. So how do we dry the world? Great question! Um. I’m working on it, okay?;Được rồi, được rồi. Vậy làm sao để làm khô thế giới? Câu hỏi hay đấy! Ừm. Tôi đang nghiên cứu, được chưa?
Story/Utopia/Voiceline/DettoDialogue23;Text;;The weirdos at Selene had some ideas! I don’t get them entirely, but one day I will!;Mấy người kỳ lạ ở Selene có vài ý tưởng đấy! Tôi chưa hiểu hết, nhưng một ngày nào đó tôi sẽ hiểu!
Story/Utopia/Voiceline/DettoDialogue24;Text;;So annoying. I had to get new tools after I lost mine at that other skyscraper place.;Phiền thật. Tôi phải lấy dụng cụ mới sau khi mất bộ cũ ở cái nơi nhà chọc trời đó.
Story/Utopia/Voiceline/DettoDialogue25;Text;;I could probably improve your raft a lot! Ruben won’t let me though.;Tôi có thể cải thiện bè của bạn rất nhiều đấy! Nhưng Ruben không cho phép.
Story/Utopia/Voiceline/DettoDialogue26;Text;;You’re pretty crafty too! But have you built a rocketship? Didn’t think so!;Bạn cũng khéo tay đấy! Nhưng bạn đã xây tên lửa chưa? Tôi biết ngay là chưa mà!
Story/Utopia/Voiceline/DettoDialogue27;Text;;Ruben is always on the move. Couldn't even stay to celebrate freedom!;Ruben lúc nào cũng bận rộn. Không thể ở lại ăn mừng tự do được!
Story/Utopia/Voiceline/DettoDialogue28;Text;;So glad Ruben and Hanne finally found each other!;Vui quá khi Ruben và Hanne cuối cùng đã tìm thấy nhau!
Story/Utopia/Voiceline/DettoDialogue29;Text;;I think Ruben is off looking for parts or something? The powergrid was pretty wrecked after all!;Tôi nghĩ Ruben đang đi tìm linh kiện gì đó? Lưới điện đã hỏng khá nặng mà!
Story/Utopia/Voiceline/DettoDialogue30;Text;;Want to hear a controversial opinion? Olof really sucks!;Muốn nghe một ý kiến gây tranh cãi không? Olof thực sự rất tệ!
Story/Utopia/Voiceline/DettoDialogue31_1;Text;;Mom always said to stay away from the hyenas around Caravan Town.;Mẹ luôn bảo tránh xa lũ linh cẩu quanh Caravan Town.
Story/Utopia/Voiceline/DettoDialogue31_2;Text;;But they never hurt anyone! Not until Olof turned them all angry.;Nhưng chúng chưa bao giờ làm hại ai! Cho đến khi Olof làm chúng phát điên hết.
Story/Utopia/Voiceline/DettoDialogue32;Text;;We should get some more animals here at Utopia. Personally, I want a llama and a pet shark.;Chúng ta nên có thêm động vật ở Utopia. Cá nhân tôi muốn một con lạc đà không bướu và một con cá mập cưng.
Story/Utopia/Voiceline/DettoDialogue33;Text;;Doctor Henry really cared about everyone in Caravan Town! I hope he made it out okay.;Bác sĩ Henry thực sự quan tâm đến mọi người ở Caravan Town! Tôi mong ông ấy đã thoát ra an toàn.
Story/Utopia/Voiceline/DettoDialogue34;Text;;Maybe I'll become a doctor when I grow up. Or an engineer. Or a doctoneer!;Có lẽ tôi sẽ trở thành bác sĩ khi lớn lên. Hoặc kỹ sư. Hoặc bác sĩ-kỹ sư!
Story/Utopia/Voiceline/DettoDialogue35;Text;;How long do you think it takes to build a floating city? Couple of weeks, maybe?;Bạn nghĩ mất bao lâu để xây một thành phố nổi? Vài tuần thôi, có lẽ vậy?
Story/Utopia/Voiceline/DettoDialogue36;Text;;Oh, I just had a new idea. What if we built a flying city? That'd take at least... a year!;Ồ, tôi vừa có ý tưởng mới. Nếu chúng ta xây một thành phố bay thì sao? Cái đó sẽ mất ít nhất... một năm!
Story/Utopia/Voiceline/DettoDialogue37;Text;;Two plus three times four... uh, sorry what? I'm just thinking about my next rocket ship.;Hai cộng ba nhân bốn... ơ, xin lỗi gì cơ? Tôi đang nghĩ về tàu tên lửa tiếp theo của mình.
Story/Utopia/Voiceline/DettoDialogue38;Text;;Who would have thought rocket science was so complicated?;Ai mà ngờ khoa học tên lửa lại phức tạp đến vậy nhỉ?
Story/Utopia/Voiceline/DettoDialogue39;Text;;It was pretty fun going on a dangerous adventure. Maybe I'll join a scouting mission!;Đi phiêu lưu nguy hiểm khá vui đấy. Có lẽ tôi sẽ tham gia một chuyến trinh sát!
Story/Utopia/Voiceline/DettoDialogue3_1;Text;;I heard some of the Rafters made it out of Tangaroa. Sanjay should be with them. ;Tôi nghe nói vài Người Lái Bè đã thoát khỏi Tangaroa. Sanjay chắc ở cùng họ.
Story/Utopia/Voiceline/DettoDialogue3_2;Text;;He’ll always make it. Good man, Sanjay.;Cậu ấy sẽ luôn ổn thôi. Sanjay tốt thật.
Story/Utopia/Voiceline/DettoDialogue4;Text;;I miss Caravan Town. I miss Ma and Pa.;Tôi nhớ Caravan Town. Tôi nhớ Mẹ và Bố.
Story/Utopia/Voiceline/DettoDialogue40;Text;;Utopia is pretty well designed. I could do better though.;Utopia được thiết kế khá tốt đấy. Nhưng tôi có thể làm tốt hơn.
Story/Utopia/Voiceline/DettoDialogue41;Text;;Solar and wind power is cool. Super extreme fission reactors? Cooler.;Năng lượng mặt trời và gió thì tuyệt. Lò phản ứng phân hạch siêu cực đoan? Còn tuyệt hơn.
Story/Utopia/Voiceline/DettoDialogue42;Text;;Want to hear a secret? Nuclear power is just a glorified steam engine. Don't tell anyone!;Muốn nghe bí mật không? Năng lượng hạt nhân chỉ là động cơ hơi nước được tôn vinh thôi. Đừng nói cho ai biết!
Story/Utopia/Voiceline/DettoDialogue43;Text;;I'm not scared of anything! Except electromagnetic pulse weapons. They sound spooky.;Tôi không sợ gì cả! Trừ vũ khí xung điện từ. Nghe rợn người lắm.
Story/Utopia/Voiceline/DettoDialogue44;Text;;Let's create a world free of bad stuff and annoyances. And let's fill it with cool inventions!;Hãy tạo ra một thế giới không còn điều xấu và phiền toái. Và lấp đầy nó với những phát minh thú vị!
Story/Utopia/Voiceline/DettoDialogue45;Text;;If I ever invent wings for people, there's only one thing I need to do. Not fly into the sun!;Nếu tôi từng phát minh ra cánh cho con người, chỉ có một điều tôi cần làm. Đừng bay vào mặt trời!
Story/Utopia/Voiceline/DettoDialogue46_1;Text;;I've heard rumors that rafts work better if you make them look good.;Tôi nghe đồn là bè hoạt động tốt hơn nếu bạn làm cho chúng đẹp.
Story/Utopia/Voiceline/DettoDialogue46_2;Text;;Probably not true. But I'm still going to paint mine in the best colors!;Chắc không đúng đâu. Nhưng tôi vẫn sẽ sơn bè của mình với những màu đẹp nhất!
Story/Utopia/Voiceline/DettoDialogue47;Text;;I want to make a train that runs on the ocean. Just have to invent floating rails. Easy!;Tôi muốn làm một chuyến tàu chạy trên đại dương. Chỉ cần phát minh đường ray nổi thôi. Dễ ợt!
Story/Utopia/Voiceline/DettoDialogue48;Text;;I don't get why humans ever built boats. Rafts are so much cooler!;Tôi không hiểu sao con người từng xây thuyền làm gì. Bè ngầu hơn nhiều!
Story/Utopia/Voiceline/DettoDialogue49;Text;;I feel like everything's going to be alright. With my help, of course!;Tôi cảm thấy mọi thứ sẽ ổn thôi. Với sự giúp đỡ của tôi, tất nhiên!
Story/Utopia/Voiceline/DettoDialogue5;Text;;Utopia is my home now. Everyone is really nice here!;Utopia giờ là nhà của tôi. Mọi người ở đây thực sự tốt bụng!
Story/Utopia/Voiceline/DettoDialogue50;Text;;If we've made it this far, we can go so much further!;Nếu chúng ta đã đi xa được đến đây, chúng ta có thể đi xa hơn nữa!
Story/Utopia/Voiceline/DettoDialogue6;Text;;You’ve heard about my experiments? Who told you?!;Bạn đã nghe về thí nghiệm của tôi rồi à? Ai nói cho bạn vậy?!
Story/Utopia/Voiceline/DettoDialogue7_1;Text;;I think Ruben got me a raft because he didn’t want me causing any trouble in the high-rises. ;Tôi nghĩ Ruben cho tôi cái bè vì anh ấy không muốn tôi gây rắc rối trong các tòa nhà cao tầng.
Story/Utopia/Voiceline/DettoDialogue7_2;Text;;Jokes on him, I haven’t even blown up the raft once! So far.;Đùa anh ấy thôi, tôi còn chưa từng làm nổ cái bè lần nào! Tính đến giờ.
Story/Utopia/Voiceline/DettoDialogue8_1;Text;;Hanne keeps going on and on about food and water. It’s easy! ;Hanne cứ nói mãi về thức ăn và nước uống. Dễ mà!
Story/Utopia/Voiceline/DettoDialogue8_2;Text;;We just need to fish without the fish running out. ;Chúng ta chỉ cần câu cá mà không làm cạn kiệt cá.
Story/Utopia/Voiceline/DettoDialogue8_3;Text;;And build amazing watering systems that never run out of water. Like I said, easy!;Và xây hệ thống tưới nước tuyệt vời không bao giờ cạn nước. Như tôi đã nói, dễ ợt!
Story/Utopia/Voiceline/DettoDialogue9_1;Text;;I have some ideas for an R. I. E. That is, Rocket Iteration Experiment.;Tôi có vài ý tưởng cho R.I.E. Tức là, Thí Nghiệm Lặp Tên Lửa.
Story/Utopia/Voiceline/DettoDialogue9_2;Text;;This time we’ll get some serious air time, promise!;Lần này chúng ta sẽ bay cao thực sự, hứa đấy!
Story/Utopia/Voiceline/DettoRaft_1;Text;;DETTO'S UTOPIA JOURNAL -SUPER SECRET-;NHẬT KÝ UTOPIA CỦA DETTO -SIÊU MẬT-
Story/Utopia/Voiceline/DettoRaft_2;Text;;I have my own raft! And it’s hooked up to actual wind turbines! ;Con có bè riêng rồi! Và nó được nối với những tua bin gió thật sự!
Story/Utopia/Voiceline/DettoRaft_3;Text;;If I had even more power, just imagine all the experiments I could run… ;Nếu con có nhiều điện hơn nữa, cứ tưởng tượng bao nhiêu thí nghiệm con có thể chạy được...
Story/Utopia/Voiceline/DettoRaft_4;Text;;But now that lunatic Olof appeared. ;Nhưng giờ tên điên Olof đó xuất hiện.
Story/Utopia/Voiceline/DettoRaft_5;Text;;His cages are already unloaded and now he’s promising to help everyone with his ‘army’. ;Lồng của hắn đã được dỡ xuống rồi và giờ hắn hứa sẽ giúp mọi người bằng 'đội quân' của hắn.
Story/Utopia/Voiceline/DettoRaft_6;Text;;Last I saw him, Olof Wilkstrom ruined Caravan Town.;Lần cuối con thấy hắn, Olof Wilkstrom đã phá hủy Caravan Town.
Story/Utopia/Voiceline/DettoRaft_7;Text;;I will NEVER forgive him! I hope Hanne and Ruben listen to me. He is not to be trusted!;Con sẽ KHÔNG BAO GIỜ tha thứ cho hắn! Con mong Hanne và Ruben nghe lời con. Không được tin hắn!
Story/Utopia/Voiceline/DettoRaft_8;Text;;Just in case I’ve decided to up the security on my raft. ;Để phòng hờ con đã quyết định tăng cường an ninh cho bè của mình.
Story/Utopia/Voiceline/DettoRaft_9;Text;;This map should allow only the SMARTEST of people to enter! Like me!;Bản đồ này chỉ nên cho phép người THÔNG MINH NHẤT vào thôi! Như con!
Story/Utopia/Voiceline/EndSlides_1;Text;;When the ocean itself broke civilisation, the survivors were left with nothing.;Khi chính đại dương đã đánh gục nền văn minh, những người sống sót chẳng còn lại gì.
Story/Utopia/Voiceline/EndSlides_2;Text;;Yet they persisted, the forward scouts rose up from the wreckage, defied our flooded world, and brought back hope.;Vậy mà họ vẫn kiên trì, các trinh sát tiên phong vươn lên từ đống đổ nát, thách thức thế giới ngập nước của chúng ta, và mang hy vọng trở lại.
Story/Utopia/Voiceline/EndSlides_3;Text;;Now Utopia stands free once again thanks to their actions.;Giờ Utopia đứng vững tự do một lần nữa nhờ hành động của họ.
Story/Utopia/Voiceline/EndSlides_4;Text;;With this final chance we can begin - the slow and difficult road to recovery.;Với cơ hội cuối cùng này chúng ta có thể bắt đầu - con đường chậm rãi và khó khăn để hồi phục.
Story/Utopia/Voiceline/EndSlides_5;Text;;From today on, we are all Forward Scouts, ready to discover the next step for humanity.;Từ hôm nay, tất cả chúng ta đều là Trinh Sát Tiên Phong, sẵn sàng khám phá bước tiếp theo cho nhân loại.
Story/Utopia/Voiceline/HanneDialogue1;Text;;We owe our future to you. Grateful doesn’t even begin to describe it.;Chúng tôi nợ bạn cả tương lai này. 'Biết ơn' còn không đủ để diễn tả.
Story/Utopia/Voiceline/HanneDialogue10_1;Text;;Detto will do fine. Despite everything, that boy has a certain spirit in him. ;Detto sẽ ổn thôi. Dù mọi chuyện đã xảy ra, cậu bé đó có một tinh thần đặc biệt.
Story/Utopia/Voiceline/HanneDialogue10_2;Text;;It gives me hope for Utopia. For humanity, honestly.;Nó cho tôi hy vọng về Utopia. Về nhân loại, thành thật mà nói.
Story/Utopia/Voiceline/HanneDialogue11_1;Text;;I heard about the Selene facility. ;Tôi có nghe về cơ sở Selene.
Story/Utopia/Voiceline/HanneDialogue11_2;Text;;As soon as we’ve stabilized the situation here, we’ll look to finish their ambitions.;Ngay khi chúng tôi ổn định tình hình ở đây, chúng tôi sẽ tìm cách hoàn thành tham vọng của họ.
Story/Utopia/Voiceline/HanneDialogue12_1;Text;;Sparrow revealed everything we needed to know. ;Sparrow đã tiết lộ mọi thứ chúng tôi cần biết.
Story/Utopia/Voiceline/HanneDialogue12_2;Text;;She went off soon after looking for someone called ‘Cuckoo’. We wish her the best.;Cô ấy đã rời đi ngay sau đó để tìm ai đó tên 'Cuckoo'. Chúng tôi chúc cô ấy may mắn.
Story/Utopia/Voiceline/HanneDialogue13;Text;;Hope. Is that what I’m feeling?;Hy vọng. Đó là điều tôi đang cảm nhận sao?
Story/Utopia/Voiceline/HanneDialogue14;Text;;I’ve waited so long for that moment when we can stop surviving, and start to live.;Tôi đã chờ đợi rất lâu cho khoảnh khắc chúng ta có thể ngừng sinh tồn, và bắt đầu sống.
Story/Utopia/Voiceline/HanneDialogue15;Text;;Thank you. Thank you so much.;Cảm ơn bạn. Cảm ơn bạn rất nhiều.
Story/Utopia/Voiceline/HanneDialogue16_1;Text;;Ruben just can’t sit still. Always fixing something. Improving.;Ruben không thể ngồi yên được. Lúc nào cũng sửa cái gì đó. Cải thiện cái gì đó.
Story/Utopia/Voiceline/HanneDialogue16_2;Text;;I’d say it was annoying if it didn’t make me smile so much.;Tôi sẽ nói nó phiền phức nếu nó không khiến tôi mỉm cười nhiều đến vậy.
Story/Utopia/Voiceline/HanneDialogue17_1;Text;;If Bruno hadn’t showed up on Temperance, who knows what would have happened. ;Nếu Bruno không xuất hiện ở Temperance, ai biết chuyện gì đã xảy ra.
Story/Utopia/Voiceline/HanneDialogue17_2;Text;;Don’t worry, he’s getting the help he needs. It’s the least I can do for him. ;Đừng lo, cậu ấy đang nhận được sự giúp đỡ cần thiết. Đó là điều ít nhất tôi có thể làm cho cậu ấy.
Story/Utopia/Voiceline/HanneDialogue17_3;Text;;He’ll find his sister eventually, I’m sure of it.;Cậu ấy cuối cùng sẽ tìm thấy chị mình, tôi chắc chắn.
Story/Utopia/Voiceline/HanneDialogue18_1;Text;;Bruno sure knows his way around a radio. ;Bruno rất rành về radio.
Story/Utopia/Voiceline/HanneDialogue18_2;Text;;He’s already assisted Ruben in fixing up our infrastructure. Invaluable.;Cậu ấy đã giúp Ruben sửa chữa cơ sở hạ tầng của chúng tôi. Vô giá.
Story/Utopia/Voiceline/HanneDialogue19;Text;;With the new radios we might even be able to contact other rafters.;Với các radio mới chúng tôi thậm chí có thể liên lạc với những người lái bè khác.
Story/Utopia/Voiceline/HanneDialogue2;Text;;"The Forward Scouts will recover. I know it.
";"Các Trinh Sát Tiên Phong sẽ hồi phục. Tôi biết mà.
"
Story/Utopia/Voiceline/HanneDialogue20_1;Text;;Who knows, maybe in a few years Utopia will be a true sanctuary for humanity. ;Ai biết được, có lẽ vài năm nữa Utopia sẽ là nơi trú ẩn thực sự cho nhân loại.
Story/Utopia/Voiceline/HanneDialogue20_2;Text;;We just need to focus on the three pillars: food, water, and energy. ;Chúng ta chỉ cần tập trung vào ba trụ cột: thực phẩm, nước, và năng lượng.
Story/Utopia/Voiceline/HanneDialogue20_3;Text;;If we can keep those stable, peace and prosperity won’t be such strange notions anymore.;Nếu chúng ta giữ được chúng ổn định, hòa bình và thịnh vượng sẽ không còn là khái niệm xa lạ nữa.
Story/Utopia/Voiceline/HanneDialogue21_1;Text;;We might want to station someone on Balboa Island. ;Có lẽ chúng ta nên đặt người ở đảo Balboa.
Story/Utopia/Voiceline/HanneDialogue21_2;Text;;It could be a useful stop for any future Forward Scouts. But, yes. The bears might be an issue.;Đó có thể là điểm dừng hữu ích cho các Trinh Sát Tiên Phong tương lai. Nhưng, đúng vậy. Mấy con gấu có thể là vấn đề.
Story/Utopia/Voiceline/HanneDialogue3;Text;;"Utopia has faced many challenges. Let’s hope the future holds fewer the likes of Olof Wilkstrom.
";"Utopia đã đối mặt với nhiều thử thách. Hy vọng tương lai sẽ ít những kẻ như Olof Wilkstrom hơn.
"
Story/Utopia/Voiceline/HanneDialogue4_1;Text;;We haven’t decided what to do with Olof yet.;Chúng tôi vẫn chưa quyết định phải làm gì với Olof.
Story/Utopia/Voiceline/HanneDialogue4_2;Text;;Personally I would like to see him work to rebuild what he destroyed. ;Cá nhân tôi muốn thấy hắn phải làm việc để xây dựng lại những gì hắn đã phá hủy.
Story/Utopia/Voiceline/HanneDialogue4_3;Text;;Learn from his mistakes. Become a better person. But we will see how the vote goes.;Học từ sai lầm của mình. Trở thành người tốt hơn. Nhưng chúng ta sẽ xem cuộc bỏ phiếu ra sao.
Story/Utopia/Voiceline/HanneDialogue5;Text;;"If you need anything, the people of Utopia are in your service.
";"Nếu bạn cần gì, người dân Utopia sẵn sàng phục vụ bạn.
"
Story/Utopia/Voiceline/HanneDialogue6;Text;;"Together we will rebuild.
";"Cùng nhau chúng ta sẽ xây dựng lại.
"
Story/Utopia/Voiceline/HanneDialogue7_1;Text;;"I regret Vasagatan. But I’ve left it behind long ago. 
";"Tôi hối tiếc về Vasagatan. Nhưng tôi đã bỏ nó lại phía sau từ lâu rồi.
"
Story/Utopia/Voiceline/HanneDialogue7_2;Text;;I think we all need to do the same, and focus solely on the coming days.;Tôi nghĩ tất cả chúng ta đều cần làm điều tương tự, và chỉ tập trung vào những ngày sắp tới.
Story/Utopia/Voiceline/HanneDialogue8_1;Text;;I heard what happened on Tangaroa. I can’t imagine seeing the aftermath. ;Tôi có nghe chuyện xảy ra ở Tangaroa. Tôi không thể tưởng tượng được cảnh hậu quả.
Story/Utopia/Voiceline/HanneDialogue8_2;Text;;I’m just happy Ruben and Detto made it out alive. Few were so lucky.;Tôi chỉ mừng vì Ruben và Detto đã thoát ra được. Ít người may mắn như vậy.
Story/Utopia/Voiceline/HanneDialogue9_1;Text;;Yes, Detto seems to be fitting in fine. I’ve made sure Ruben keeps an eye on him, but… ;Vâng, Detto có vẻ hòa nhập tốt. Tôi đã đảm bảo Ruben để mắt đến cậu ấy, nhưng...
Story/Utopia/Voiceline/HanneDialogue9_2;Text;;Well, it’s not the easiest task in the world.;Chà, đó không phải nhiệm vụ dễ dàng nhất trên đời.
Story/Utopia/Voiceline/HyenaFight1;Text;;Soldiers, at arms!;Binh sĩ, cầm vũ khí!
Story/Utopia/Voiceline/HyenaFight10;Text;;You’ll be court-martialed for that!;Ngươi sẽ bị đưa ra tòa án binh vì chuyện đó!
Story/Utopia/Voiceline/HyenaFight11;Text;;You’re weak! Every one of you!;Các ngươi thật yếu đuối! Tất cả các ngươi!
Story/Utopia/Voiceline/HyenaFight12;Text;;I didn’t create you to be cowards! Forward!;Ta không tạo ra các ngươi để làm kẻ hèn nhát! Tiến lên!
Story/Utopia/Voiceline/HyenaFight13;Text;;Charge!;Xung phong!
Story/Utopia/Voiceline/HyenaFight14;Text;;One bite at a time!;Mỗi lần một miếng cắn!
Story/Utopia/Voiceline/HyenaFight15;Text;;Don’t fear this rabble, fear me!;Đừng sợ đám ô hợp này, hãy sợ ta!
Story/Utopia/Voiceline/HyenaFight16;Text;;One more time, go!;Một lần nữa, đi!
Story/Utopia/Voiceline/HyenaFight17;Text;;All bark and no bite!;Chỉ sủa mà không cắn!
Story/Utopia/Voiceline/HyenaFight18;Text;;You are nothing here.;Ngươi chẳng là gì ở đây cả.
Story/Utopia/Voiceline/HyenaFight2;Text;;Come on! Get out there, private!;Nào! Ra đó đi, lính trơn!
Story/Utopia/Voiceline/HyenaFight3;Text;;My army of beasts will destroy you!;Đội quân thú dữ của ta sẽ hủy diệt ngươi!
Story/Utopia/Voiceline/HyenaFight4;Text;;If you want to be fed, do your jobs!;Nếu muốn được cho ăn, hãy làm việc của mình!
Story/Utopia/Voiceline/HyenaFight5;Text;;Keep fighting!;Tiếp tục chiến đấu!
Story/Utopia/Voiceline/HyenaFight6;Text;;A warrior’s bloodthirst never ends.;Khát máu của một chiến binh không bao giờ kết thúc.
Story/Utopia/Voiceline/HyenaFight7;Text;;Don’t back down!;Đừng lùi bước!
Story/Utopia/Voiceline/HyenaFight8;Text;;Soon there’ll be a feast!;Sắp có tiệc rồi!
Story/Utopia/Voiceline/HyenaFight9;Text;;You’re nothing but chew toys for my army.;Các ngươi chỉ là đồ chơi nhai cho đội quân của ta thôi.
Story/Utopia/Voiceline/HyenaFightExit1;Text;;Useless! All of you!;Vô dụng! Tất cả các ngươi!
Story/Utopia/Voiceline/HyenaFightExit2;Text;;This will be your END!;Đây sẽ là KẾT THÚC của ngươi!
Story/Utopia/Voiceline/HyenaIntro1;Text;;How stupid are you? I am the only reason any of you are alive.;Các ngươi ngu ngốc đến mức nào? Ta là lý do duy nhất bất kỳ ai trong số các ngươi còn sống.
Story/Utopia/Voiceline/HyenaIntro2;Text;;Me. I made this place real. My investment. Mine.;Ta. Ta đã tạo nên nơi này thành hiện thực. Khoản đầu tư của ta. Của ta.
Story/Utopia/Voiceline/HyenaIntro3;Text;;Each and every one of you should bow down before me.;Mỗi người trong số các ngươi nên cúi đầu trước ta.
Story/Utopia/Voiceline/HyenaIntro4;Text;;The ocean broke the Forward Scouts. Now my army will finish the job.;Đại dương đã đánh gục các Trinh Sát Tiên Phong. Giờ đội quân của ta sẽ hoàn thành công việc.
Story/Utopia/Voiceline/IkaDialogue1;Text;;So annoying.;Phiền thật.
Story/Utopia/Voiceline/IkaDialogue2;Text;;I’m a trader. I was only here to move some produce.;Tôi là thương nhân. Tôi chỉ đến đây để chuyển ít hàng hóa thôi.
Story/Utopia/Voiceline/IkaDialogue3;Text;;Then, boom! Rabid hyenas everywhere!;Rồi, đùng! Linh cẩu điên khắp nơi!
Story/Utopia/Voiceline/IkaDialogue4;Text;;All of a sudden, I’m locked in!;Đột nhiên, tôi bị nhốt lại!
Story/Utopia/Voiceline/IkaDialogue5;Text;;Worst part, Olof ruined a bunch of my goods. Prick.;Phần tệ nhất, Olof phá hủy một đống hàng của tôi. Đồ khốn.
Story/Utopia/Voiceline/IsacDialogue1;Text;;It's over now. But boy was that close!;Xong rồi. Nhưng trời ơi lúc đó suýt nữa thôi!
Story/Utopia/Voiceline/IsacDialogue2;Text;;I tried to deal with those hounds at first.;Ban đầu tôi đã cố đối phó với đám chó đó.
Story/Utopia/Voiceline/IsacDialogue3;Text;;But there were too many of them.;Nhưng có quá nhiều con.
Story/Utopia/Voiceline/IsacDialogue4;Text;;We’re lucky no one got seriously hurt.;May là không ai bị thương nặng.
Story/Utopia/Voiceline/IsacDialogue5;Text;;Oh, this? It’s just a scratch, don’t worry.;Ồ, cái này à? Chỉ là vết xước thôi, đừng lo.
Story/Utopia/Voiceline/JohanDialogue1;Text;;I’m so unlucky!;Tôi thật xui xẻo!
Story/Utopia/Voiceline/JohanDialogue2;Text;;I fled Tangaroa during the riots. Such a crazy day.;Tôi đã trốn khỏi Tangaroa trong cuộc bạo loạn. Một ngày điên rồ thật.
Story/Utopia/Voiceline/JohanDialogue3;Text;;Then I found Utopia. And this whole thing happened.;Rồi tôi tìm thấy Utopia. Và toàn bộ chuyện này xảy ra.
Story/Utopia/Voiceline/JohanDialogue4;Text;;I just want to tend to a garden in peace. Maybe I can do that now!;Tôi chỉ muốn chăm sóc khu vườn trong yên bình. Có lẽ giờ tôi có thể làm điều đó rồi!
Story/Utopia/Voiceline/KartikaDialogue1;Text;;Leaving already?;Đi rồi à?
Story/Utopia/Voiceline/KartikaDialogue2;Text;;The ocean’s wider than ever and there’s always more to explore.;Đại dương giờ rộng lớn hơn bao giờ hết và luôn có thêm điều để khám phá.
Story/Utopia/Voiceline/KartikaDialogue3;Text;;I’d love to head out one day. See what’s left of the world.;Tôi cũng muốn ra khơi một ngày nào đó. Xem thế giới còn lại gì.
Story/Utopia/Voiceline/KartikaDialogue4;Text;;Good luck out there.;Chúc may mắn ngoài kia.
Story/Utopia/Voiceline/LarryDialogue1;Text;;I can’t believe we ended up like that.;Tôi không thể tin chúng ta lại kết thúc như vậy.
Story/Utopia/Voiceline/LarryDialogue2;Text;;Listening to Olof was a mistake to say the least.;Nghe lời Olof là một sai lầm, nói nhẹ nhất có thể.
Story/Utopia/Voiceline/LarryDialogue3;Text;;I need to get better at reading people.;Tôi cần giỏi hơn trong việc đọc vị người khác.
Story/Utopia/Voiceline/LarryDialogue4;Text;;In hindsight, yes. Olof did seem a bit maniacal.;Nhìn lại thì, đúng vậy, Olof có vẻ hơi điên loạn.
Story/Utopia/Voiceline/LarryDialogue5;Text;;Don’t worry, I’m disappointed in myself too.;Đừng lo, tôi cũng thất vọng về bản thân mình.
Story/Utopia/Voiceline/LarsFight1;Text;;Good boy, Alpha! Good boy!;Ngoan lắm, Alpha! Ngoan lắm!
Story/Utopia/Voiceline/LarsFight10;Text;;Kill.;Giết.
Story/Utopia/Voiceline/LarsFight11;Text;;You and all the other disgusting rafters will pay.;Ngươi và tất cả những người lái bè bẩn thỉu khác sẽ phải trả giá.
Story/Utopia/Voiceline/LarsFight12;Text;;I am the only one who can fulfill this role.;Ta là người duy nhất có thể đảm nhận vai trò này.
Story/Utopia/Voiceline/LarsFight13;Text;;Can’t you see? The rafters would see this Utopia in ruins.;Ngươi không thấy sao? Đám lái bè sẽ biến Utopia này thành đống đổ nát.
Story/Utopia/Voiceline/LarsFight14;Text;;I will rise above you all.;Ta sẽ vươn lên trên tất cả các ngươi.
Story/Utopia/Voiceline/LarsFight15;Text;;Your struggle ends here!;Cuộc đấu tranh của ngươi kết thúc ở đây!
Story/Utopia/Voiceline/LarsFight16;Text;;I will bring order to this damn place, whether you want it or not!;Ta sẽ mang trật tự đến nơi chết tiệt này, dù các ngươi muốn hay không!
Story/Utopia/Voiceline/LarsFight2;Text;;It’s useless! His hide is thick, and his will is iron!;Vô dụng! Da nó dày, và ý chí nó sắt đá!
Story/Utopia/Voiceline/LarsFight3;Text;;A true soldier never falters.;Một chiến binh thực thụ không bao giờ dao động.
Story/Utopia/Voiceline/LarsFight4;Text;;Alpha! Get going!;Alpha! Xông lên!
Story/Utopia/Voiceline/LarsFight5;Text;;You can gnaw on their bones later!;Ngươi có thể gặm xương chúng sau!
Story/Utopia/Voiceline/LarsFight6;Text;;You’ll get a real treat once victory is ours!;Ngươi sẽ được thưởng lớn khi chiến thắng thuộc về chúng ta!
Story/Utopia/Voiceline/LarsFight7;Text;;Charge, Alpha, charge!;Xung phong, Alpha, xung phong!
Story/Utopia/Voiceline/LarsFight8;Text;;Destroy them!;Tiêu diệt chúng!
Story/Utopia/Voiceline/LarsFight9;Text;;You’re the only one I can trust, Alpha.;Ngươi là kẻ duy nhất ta có thể tin tưởng, Alpha.
Story/Utopia/Voiceline/LarsFightExit1;Text;;No, no! Alpha, you failure!;Không, không! Alpha, đồ thất bại!
Story/Utopia/Voiceline/LarsFightExit2;Text;;All of this for nothing!;Tất cả những điều này là vô ích!
Story/Utopia/Voiceline/LarsIntro1;Text;;Out of all my creations, Alpha is a true warrior. A survivor.;Trong tất cả các tạo vật của ta, Alpha là một chiến binh thực thụ. Một kẻ sống sót.
Story/Utopia/Voiceline/LarsIntro2;Text;;You see, the weak are singled out. The strong remain. You Forward Scouts were the same.;Ngươi thấy đấy, kẻ yếu bị loại bỏ. Kẻ mạnh còn lại. Các Trinh Sát Tiên Phong các ngươi cũng vậy thôi.
Story/Utopia/Voiceline/LarsIntro3;Text;;You build yourselves up from nothing. You keep going. Up until you encounter something stronger.;Các ngươi xây dựng bản thân từ con số không. Các ngươi cứ tiếp tục. Cho đến khi gặp thứ gì đó mạnh hơn.
Story/Utopia/Voiceline/LarsIntro4;Text;;Alpha, in position! Kill!;Alpha, vào vị trí! Giết!
Story/Utopia/Voiceline/MarketplaceExit1;Text;;Tactical retreat! Regroup, regroup!;Rút lui chiến thuật! Tập hợp lại, tập hợp lại!
Story/Utopia/Voiceline/MarketplaceExit2;Text;;Infantry! Ready for charge!;Bộ binh! Sẵn sàng xung phong!
Story/Utopia/Voiceline/MarketplaceIntro1;Text;;You had your chance to leave.;Ngươi đã có cơ hội rời đi.
Story/Utopia/Voiceline/MarketplaceIntro2;Text;;But you just won't listen.;Nhưng ngươi cứ không chịu nghe.
Story/Utopia/Voiceline/MarketplaceIntro3;Text;;So fine. Have it your way! Welcome to Utopia!;Vậy được. Cứ theo cách của ngươi! Chào mừng đến Utopia!
Story/Utopia/Voiceline/MarketplaceThrow1;Text;;Frag out!;Lựu đạn ra!
Story/Utopia/Voiceline/MarketplaceThrow10;Text;;Stand still!;Đứng yên!
Story/Utopia/Voiceline/MarketplaceThrow11;Text;;I’ll lock you up with the rest!;Ta sẽ nhốt ngươi cùng đám còn lại!
Story/Utopia/Voiceline/MarketplaceThrow12;Text;;This rabble deserves nothing.;Đám ô hợp này chẳng xứng đáng gì cả.
Story/Utopia/Voiceline/MarketplaceThrow13;Text;;If you knew better you would turn around.;Nếu ngươi biết điều thì đã quay lại rồi.
Story/Utopia/Voiceline/MarketplaceThrow14;Text;;My army will crush you!;Đội quân của ta sẽ nghiền nát ngươi!
Story/Utopia/Voiceline/MarketplaceThrow15;Text;;I could do this all day!;Ta có thể làm điều này cả ngày!
Story/Utopia/Voiceline/MarketplaceThrow16;Text;;Do you want me to blow it all to pieces?;Ngươi muốn ta phá hủy tất cả thành từng mảnh không?
Story/Utopia/Voiceline/MarketplaceThrow17;Text;;Look what you’re making me do!;Nhìn xem ngươi khiến ta phải làm gì!
Story/Utopia/Voiceline/MarketplaceThrow18;Text;;Leave Utopia! Never return!;Rời khỏi Utopia! Đừng quay lại nữa!
Story/Utopia/Voiceline/MarketplaceThrow2;Text;;I’ve given you chances. You could have left at any time!;Ta đã cho ngươi cơ hội. Ngươi có thể rời đi bất cứ lúc nào!
Story/Utopia/Voiceline/MarketplaceThrow3;Text;;Enjoy the fireworks!;Tận hưởng pháo hoa đi!
Story/Utopia/Voiceline/MarketplaceThrow4;Text;;All of this is mine!;Tất cả những thứ này là của ta!
Story/Utopia/Voiceline/MarketplaceThrow5;Text;;Give up!;Đầu hàng đi!
Story/Utopia/Voiceline/MarketplaceThrow6;Text;;You think it’s easy to rule?;Ngươi nghĩ cai trị dễ lắm à?
Story/Utopia/Voiceline/MarketplaceThrow7;Text;;You’ll accomplish nothing here. Leave!;Ngươi sẽ chẳng đạt được gì ở đây. Rời đi!
Story/Utopia/Voiceline/MarketplaceThrow8;Text;;Stop that.;Dừng lại đi.
Story/Utopia/Voiceline/MarketplaceThrow9;Text;;Why can’t you listen? None of you ever listen!;Sao ngươi không chịu nghe vậy? Chẳng ai trong số các ngươi từng nghe cả!
Story/Utopia/Voiceline/MaxDialogue1;Text;;Wow, how could this possibly have happened?;Chà, chuyện này sao lại xảy ra được chứ?
Story/Utopia/Voiceline/MaxDialogue2;Text;;A mysterious army dude appears with rabid hyenas in cages.;Một tay quân đội bí ẩn xuất hiện với lũ linh cẩu điên nhốt trong lồng.
Story/Utopia/Voiceline/MaxDialogue3;Text;;And everyone just goes along with it.;Và mọi người cứ thế đồng ý theo.
Story/Utopia/Voiceline/MaxDialogue4;Text;;I don’t think I can say ‘I told you so’ enough.;Tôi không nghĩ mình có thể nói 'đã bảo mà' đủ nhiều.
Story/Utopia/Voiceline/NoahDialogue1;Text;;We need to be more careful in the future.;Chúng ta cần cẩn thận hơn trong tương lai.
Story/Utopia/Voiceline/NoahDialogue2;Text;;Olof happened because we were naive.;Olof xảy ra vì chúng ta ngây thơ.
Story/Utopia/Voiceline/NoahDialogue3;Text;;So we should be more vigilant in the future.;Nên chúng ta nên cảnh giác hơn trong tương lai.
Story/Utopia/Voiceline/NoahDialogue4;Text;;But we also can’t lose what makes Utopia great.;Nhưng chúng ta cũng không thể đánh mất điều làm nên sự tuyệt vời của Utopia.
Story/Utopia/Voiceline/NoahDialogue5;Text;;We need to be strong, and not let fear guide us.;Chúng ta cần mạnh mẽ, và không để nỗi sợ dẫn dắt mình.
Story/Utopia/Voiceline/OliverDialogue1;Text;;Those hyenas were so rude.;Mấy con linh cẩu đó thật thô lỗ.
Story/Utopia/Voiceline/OliverDialogue2;Text;;Bad enough we have to deal with an endless ocean.;Đã đủ tệ khi phải đối phó với đại dương vô tận.
Story/Utopia/Voiceline/OliverDialogue3;Text;;Now there’s these rabid animals also.;Giờ còn có mấy con vật điên loạn này nữa.
Story/Utopia/Voiceline/OliverDialogue4;Text;;Ugh. So tired of this!;Ugh. Mệt mỏi quá rồi!
Story/Utopia/Voiceline/OliverDialogue5;Text;;Oh right, thanks for helping out.;Ồ đúng rồi, cảm ơn đã giúp đỡ.
Story/Utopia/Voiceline/OlofBigJusticeScale1;Text;;"Look around. The filthy rafters turned luxury apartments into a scrapyard. 
";"Nhìn xung quanh đi. Đám lái bè bẩn thỉu đã biến những căn hộ sang trọng thành bãi phế liệu.
"
Story/Utopia/Voiceline/OlofBigJusticeScale2;Text;;Relieving them of the responsibility was the only decent thing I could do for them.;Giải phóng họ khỏi trách nhiệm là điều đứng đắn duy nhất tôi có thể làm cho họ.
Story/Utopia/Voiceline/OlofBigJusticeScale3;Text;;I can’t believe how ungrateful all of you are.;Tôi không thể tin nổi tất cả các người vô ơn đến vậy.
Story/Utopia/Voiceline/OlofCaught1;Text;;[Groaning];[Rên rỉ]
Story/Utopia/Voiceline/OlofCaught2;Text;;Cut me down!;Thả ta xuống!
Story/Utopia/Voiceline/OlofCaught3;Text;;Listen to me, damn it.;Nghe ta nói đây, chết tiệt.
Story/Utopia/Voiceline/OlofCaught4;Text;;[Muttering];[Lẩm bẩm]
Story/Utopia/Voiceline/OlofCaught5;Text;;I’ll burn this place to the ground;Ta sẽ thiêu rụi nơi này thành tro bụi
Story/Utopia/Voiceline/OlofCaught6;Text;;You don’t deserve any of it.;Các ngươi không xứng đáng có được bất cứ thứ gì trong số này.
Story/Utopia/Voiceline/OlofCaught7;Text;;Filthy rafters.;Đám lái bè bẩn thỉu.
Story/Utopia/Voiceline/OlofDialogue1;Text;;Are you happy now?;Giờ hài lòng chưa?
Story/Utopia/Voiceline/OlofDialogue10;Text;;Nothing you fools can come up with will rival what came before.;Chẳng có gì lũ ngốc các ngươi nghĩ ra được có thể sánh với những gì đã có trước đây.
Story/Utopia/Voiceline/OlofDialogue11;Text;;Hey, are you listening to me?!;Này, ngươi có đang nghe ta nói không đấy?!
Story/Utopia/Voiceline/OlofDialogue12_1;Text;;The Floating City Project was wrought with failures. Why? I spent a fortune on Tangaroa.;Dự án Thành Phố Nổi đầy rẫy thất bại. Tại sao? Ta đã bỏ cả gia tài vào Tangaroa.
Story/Utopia/Voiceline/OlofDialogue12_2;Text;;Every expert told me we were on schedule. How do you explain that?;Mọi chuyên gia đều nói với ta rằng chúng ta đúng tiến độ. Làm sao giải thích được điều đó?
Story/Utopia/Voiceline/OlofDialogue12_3;Text;;Lazy workers. Lazy, stupid workers.;Công nhân lười biếng. Lười biếng, ngu ngốc.
Story/Utopia/Voiceline/OlofDialogue13_1;Text;;I was the majority shareholder of the Floating City Project of Tangaroa. ;Ta là cổ đông lớn nhất của Dự án Thành Phố Nổi tại Tangaroa.
Story/Utopia/Voiceline/OlofDialogue13_2;Text;;Imagine the cost if we hadn’t made it out to sea, like the other cities? No, that wasn’t an option.;Hãy tưởng tượng chi phí nếu chúng ta không ra khơi được, như những thành phố khác? Không, đó không phải là một lựa chọn.
Story/Utopia/Voiceline/OlofDialogue14_1;Text;;I did not abandon Tangaroa. My private consultants made it very clear.;Ta không bỏ rơi Tangaroa. Các cố vấn riêng của ta đã nói rất rõ ràng.
Story/Utopia/Voiceline/OlofDialogue14_2;Text;;The city wouldn’t last a year out at sea. ;Thành phố sẽ không trụ nổi một năm ngoài biển khơi.
Story/Utopia/Voiceline/OlofDialogue14_3;Text;;Vasagatan was my way of saving a few souls from that fate.;Vasagatan là cách của ta để cứu lấy vài linh hồn khỏi số phận đó.
Story/Utopia/Voiceline/OlofDialogue15;Text;;They would have drowned anyway.;Đằng nào họ cũng sẽ chết đuối thôi.
Story/Utopia/Voiceline/OlofDialogue16;Text;;I am a good man. I am a good man.;Ta là người tốt. Ta là người tốt.
Story/Utopia/Voiceline/OlofDialogue17_1;Text;;The Lurkers weren’t entirely useless. ;Lũ Lurker không hoàn toàn vô dụng.
Story/Utopia/Voiceline/OlofDialogue17_2;Text;;They wrought chaos onboard Tangaroa.;Chúng đã gây ra hỗn loạn trên tàu Tangaroa.
Story/Utopia/Voiceline/OlofDialogue17_3;Text;;Any decent fighting force could have brought order within a day or two.;Bất kỳ lực lượng chiến đấu tử tế nào cũng có thể lập lại trật tự trong một hai ngày.
Story/Utopia/Voiceline/OlofDialogue17_4;Text;;None of them were ready for reality. When there’s only food for one in ten, nine have to go.;Không ai trong số họ chuẩn bị cho thực tế cả. Khi chỉ có đủ thức ăn cho một trong mười người, chín người còn lại phải ra đi.
Story/Utopia/Voiceline/OlofDialogue18_1;Text;;The hyenas of Caravan Town were easily rounded up.;Đám linh cẩu ở Caravan Town bị gom lại dễ dàng.
Story/Utopia/Voiceline/OlofDialogue18_2;Text;;Their efficiency and discipline was unrivaled. ;Hiệu quả và kỷ luật của chúng là vô song.
Story/Utopia/Voiceline/OlofDialogue18_3;Text;;Had I only gotten a few more off that barren rock, then you would have never stood a chance.;Nếu ta chỉ cần lấy thêm vài con từ tảng đá cằn cỗi đó, các ngươi sẽ chẳng có cơ hội nào.
Story/Utopia/Voiceline/OlofDialogue19_1;Text;;If you hadn’t interfered, I would be out there reinstating law and order. ;Nếu các ngươi không can thiệp, giờ ta đã đang ngoài kia tái lập luật pháp và trật tự.
Story/Utopia/Voiceline/OlofDialogue19_2;Text;;Have you ever done anything of such importance?;Các ngươi đã bao giờ làm được điều gì quan trọng như vậy chưa?
Story/Utopia/Voiceline/OlofDialogue2;Text;;These idiots won’t get anything done. They’ll starve soon, and so will you.;Đám ngốc này sẽ chẳng làm nên trò trống gì. Chúng sẽ sớm chết đói, và cả ngươi cũng vậy.
Story/Utopia/Voiceline/OlofDialogue20_1;Text;;Yes, we all heard about the failure of the Forward Scouts.;Vâng, tất cả chúng ta đều nghe về thất bại của các Trinh Sát Tiên Phong.
Story/Utopia/Voiceline/OlofDialogue20_2;Text;;Those naive idiots couldn’t even beat the waves. What, you think you’re any different?;Đám ngốc ngây thơ đó còn không thể đánh bại nổi sóng biển. Sao, ngươi nghĩ mình khác biệt à?
Story/Utopia/Voiceline/OlofDialogue21;Text;;Look at these people. They have no control. No power. They need me.;Nhìn những người này xem. Họ không có quyền kiểm soát. Không có quyền lực. Họ cần ta.
Story/Utopia/Voiceline/OlofDialogue3;Text;;Disorganized rabble.;Đám ô hợp vô tổ chức.
Story/Utopia/Voiceline/OlofDialogue4;Text;;You need a strong leader. Not these weaklings.;Các ngươi cần một lãnh đạo mạnh mẽ. Không phải đám yếu đuối này.
Story/Utopia/Voiceline/OlofDialogue5;Text;;This is what I get for trusting my army.;Đây là những gì ta nhận được vì đã tin tưởng đội quân của mình.
Story/Utopia/Voiceline/OlofDialogue6;Text;;If you have to do something, do it yourself.;Nếu phải làm gì đó, hãy tự mình làm.
Story/Utopia/Voiceline/OlofDialogue7;Text;;They don’t have the guts to rule.;Chúng không có đủ can đảm để cai trị.
Story/Utopia/Voiceline/OlofDialogue8_1;Text;;It’s the same story over and over again. The floating city project. Vasagatan. Tangaroa. ;Cứ lặp đi lặp lại câu chuyện y hệt. Dự án thành phố nổi. Vasagatan. Tangaroa.
Story/Utopia/Voiceline/OlofDialogue8_2;Text;;Failures brought on by weak spirits and undisciplined men.;Thất bại gây ra bởi tinh thần yếu đuối và những kẻ vô kỷ luật.
Story/Utopia/Voiceline/OlofDialogue9;Text;;You’re nothing but beasts in the rubble.;Các ngươi chẳng là gì ngoài lũ thú vật trong đống đổ nát.
Story/Utopia/Voiceline/OlofFinal1;Text;;Get back!;Lùi lại!
Story/Utopia/Voiceline/OlofFinal2;Text;;There’s nothing you can do. Stay away. All of this is mine.;Ngươi không thể làm gì được đâu. Tránh xa ra. Tất cả những thứ này là của ta.
Story/Utopia/Voiceline/OlofFinal3;Text;;You think you can change anything?;Ngươi nghĩ ngươi có thể thay đổi được gì sao?
Story/Utopia/Voiceline/OlofFinal4;Text;;Without me, this Utopia will burn.;Không có ta, Utopia này sẽ cháy rụi.
Story/Utopia/Voiceline/OlofFinal5;Text;;I am your saviour!;Ta là đấng cứu rỗi của các ngươi!
Story/Utopia/Voiceline/OlofFinal6;Text;;Stay away!;Tránh xa ra!
Story/Utopia/Voiceline/OlofSmallJusticeScale1;Text;;I will only say this once. Leave on your raft. Leave Utopia to me.;Ta chỉ nói điều này một lần thôi. Hãy rời đi bằng bè của ngươi. Để Utopia lại cho ta.
Story/Utopia/Voiceline/OlofSmallJusticeScale2;Text;;Or else the Forward Scouts ends with you.;Nếu không các Trinh Sát Tiên Phong sẽ kết thúc cùng với ngươi.
Story/Utopia/Voiceline/RebeccaDialogue1;Text;;This place is a mess.;Nơi này thật bừa bộn.
Story/Utopia/Voiceline/RebeccaDialogue2;Text;;There’s hyena hair everywhere!;Lông linh cẩu khắp mọi nơi!
Story/Utopia/Voiceline/RebeccaDialogue3;Text;;It’ll take days to clean up the towers.;Sẽ mất vài ngày để dọn sạch các tòa tháp.
Story/Utopia/Voiceline/RebeccaDialogue4;Text;;I hope the council makes Olof clean it up himself.;Tôi hy vọng hội đồng sẽ bắt Olof tự dọn dẹp lấy.
Story/Utopia/Voiceline/TimurDialogue1;Text;;The future is bright!;Tương lai thật tươi sáng!
Story/Utopia/Voiceline/TimurDialogue2;Text;;I was so scared Utopia would fall into ruin after this incident.;Tôi đã rất sợ Utopia sẽ sụp đổ sau sự cố này.
Story/Utopia/Voiceline/TimurDialogue3;Text;;Now I'm hopeful again.;Giờ tôi lại thấy hy vọng.
Story/Utopia/Voiceline/TimurDialogue4;Text;;We can do it! We can rebuild!;Chúng ta làm được mà! Chúng ta có thể xây dựng lại!
Story/Utopia/Voiceline/ToshiroDialogue1;Text;;You deserve all the credit in the world.;Bạn xứng đáng nhận mọi công lao trên đời.
Story/Utopia/Voiceline/ToshiroDialogue2;Text;;You know, I was almost a Forward Scout myself.;Bạn biết không, tôi từng suýt trở thành một Trinh Sát Tiên Phong đấy.
Story/Utopia/Voiceline/ToshiroDialogue3;Text;;Ended up as working in a raft town instead.;Cuối cùng lại làm việc ở một thị trấn bè thay vào đó.
Story/Utopia/Voiceline/ToshiroDialogue4;Text;;But I’ll tell you, I’m a really good at building rafts.;Nhưng để tôi nói cho bạn biết, tôi thực sự giỏi xây bè.
Story/Utopia/Voiceline/ToshiroDialogue5;Text;;Used to build boats before the flood. Wasn’t as fun, if I’m honest.;Từng đóng thuyền trước khi lụt lội xảy ra. Thành thật thì không vui bằng.
Story/Utopia/Voiceline/ToshiroDialogue6;Text;;Rafts are magical in their own way, don't you agree?;Bè có một sự kỳ diệu riêng, bạn không thấy vậy sao?
Story/Utopia/Voiceline/UllaDialogue1;Text;;There is something deeply wrong with those hyenas.;Có gì đó rất không ổn với mấy con linh cẩu đó.
Story/Utopia/Voiceline/UllaDialogue2;Text;;I lived on Temperance for a bit. As a researcher.;Tôi từng sống ở Temperance một thời gian. Với tư cách nhà nghiên cứu.
Story/Utopia/Voiceline/UllaDialogue3;Text;;Olof’s hyenas seem to be afflicted by some kind of rapid mutation.;Lũ linh cẩu của Olof có vẻ bị ảnh hưởng bởi một loại đột biến nhanh nào đó.
Story/Utopia/Voiceline/UllaDialogue4;Text;;I’ll be sure to investigate on behalf of the council.;Tôi sẽ chắc chắn điều tra thay mặt hội đồng.
Story/Utopia/Voiceline/VanessaDialogue1;Text;;This place is a mess.;Nơi này thật bừa bộn.
Story/Utopia/Voiceline/VanessaDialogue2;Text;;There’s hyena hair everywhere!;Lông linh cẩu khắp mọi nơi!
Story/Utopia/Voiceline/VanessaDialogue3;Text;;It’ll take days to clean up the towers.;Sẽ mất vài ngày để dọn sạch các tòa tháp.
Story/Utopia/Voiceline/VanessaDialogue4;Text;;I hope the council makes Olof clean it up himself.;Tôi hy vọng hội đồng sẽ bắt Olof tự dọn dẹp lấy.
Story/Utopia/Voiceline/ZayanaDialogue1;Text;;It’s you!;Là bạn!
Story/Utopia/Voiceline/ZayanaDialogue2;Text;;Don’t know what we would've done without you.;Không biết chúng tôi sẽ ra sao nếu không có bạn.
Story/Utopia/Voiceline/ZayanaDialogue3;Text;;Thank you, Forward Scout.;Cảm ơn bạn, Trinh Sát Tiên Phong.
Story/Utopia/Voiceline/ZayanaDialogue4;Text;;We can go back to normal now.;Giờ chúng tôi có thể trở lại bình thường rồi.
Story/Varuna/Grabber1;Text;;"Varuna Point has all too many holes in it. Makes it easy to move unnoticed.

Today I nicked a hammer. Yesterday I took some dried meat from the foreman’s stash. It’s less fun taking food, since it spoils, eventually.  The watch I got from the loud-mouthed driller was way more exciting.

I want to grab something even better tonight.";"Mũi Varuna có quá nhiều lỗ hổng. Điều đó khiến việc di chuyển không bị chú ý trở nên dễ dàng.

Hôm nay tôi chôm được một cái búa. Hôm qua tôi lấy ít thịt khô từ kho của quản đốc. Lấy đồ ăn thì bớt thú vị hơn, vì cuối cùng nó cũng hỏng. Chiếc đồng hồ tôi lấy từ tay thợ khoan mồm to thú vị hơn nhiều.

Tối nay tôi muốn chôm được thứ gì đó còn hay hơn nữa."
Story/Varuna/Grabber2;Text;;"I heard them talking about me this morning. They call me the Grabber. It’s growing on me.

I moved my cache. It’s higher up now, on the new floor. Right under their noses. The foreman complained about the lack of cameras. Ha! Like that’d matter. I wouldn’t get caught even if the walls had eyes.

I’m starting to get good at this.
~The Grabber";"Sáng nay tôi nghe họ nói về mình. Họ gọi tôi là Kẻ Chôm Chỉa. Cái tên này đang dần thấy hợp.

Tôi đã dời kho giấu đồ. Giờ nó ở cao hơn, trên tầng mới. Ngay dưới mũi họ. Quản đốc than phiền về việc thiếu camera. Ha! Cứ như thể điều đó quan trọng vậy. Dù tường có mắt tôi cũng không bị bắt.

Tôi đang dần giỏi việc này rồi đấy.
~Kẻ Chôm Chỉa"
Story/Varuna/Grabber3;Text;;"We don’t work on new floors anymore. Everyone is scared of ""the Grabber"". There’s talk about leaving before ''the water gets even higher''.  Leaving for that other construction project, the one taken over by rafters. They call it Utopia.

Ha! The only utopia I need is right here! I’ve started to secure the tower. As long as I live no one will claim my treasure. No one will reach my nest!
~The Grabber";"Chúng tôi không còn làm việc ở các tầng mới nữa. Mọi người đều sợ ""Kẻ Chôm Chỉa"". Có tin đồn về việc rời đi trước khi ""nước dâng cao hơn nữa"". Rời đi đến công trình xây dựng khác, cái đã bị người lái bè chiếm lấy. Họ gọi nó là Utopia.

Ha! Utopia duy nhất tôi cần chính là ở đây! Tôi đã bắt đầu củng cố tòa tháp. Chừng nào tôi còn sống, không ai sẽ chiếm được kho báu của tôi. Không ai sẽ đến được tổ của tôi!
~Kẻ Chôm Chỉa"
Story/Varuna/Grabber4;Text;;"When people come by they don’t stay for long. Why? Probably because I keep stealing their stuff…

Today it was a man named Ruben and a boy named Detto. They were caught in a storm and needed supplies. When they fell asleep I nicked a whole set of tools. Crude stuff. But still good!
In the morning they were so freaked out they sailed away immediately. Hilarious!
~The Grabber";"Khi mọi người ghé qua họ không ở lại lâu. Tại sao? Chắc vì tôi cứ chôm đồ của họ...

Hôm nay là một người đàn ông tên Ruben và một cậu bé tên Detto. Họ bị mắc kẹt trong bão và cần vật tư. Khi họ ngủ say tôi chôm cả một bộ dụng cụ. Đồ thô sơ. Nhưng vẫn tốt!
Buổi sáng họ hoảng sợ đến mức giong buồm đi ngay lập tức. Buồn cười quá!
~Kẻ Chôm Chỉa"
Story/Varuna/Grabber5;Text;;"A man talking to dolls arrived yesterday. I found his loud discussions entertaining. Maybe I miss company a bit too.

The man climbed high up into the crane with a satellite dish. He called out on his little radio for ‘Astrid’. It looked… unsuccessful.

I might have… stolen one of his dolls. ‘Miranda’ is her name. The man left an hour ago, after freaking out all day over it! Ha! So many strange people these days.
~The Grabber";"Hôm qua có một người đàn ông nói chuyện với búp bê đến đây. Tôi thấy những cuộc trò chuyện ồn ào của ông ta khá thú vị. Có lẽ tôi cũng nhớ có bạn đồng hành một chút.

Người đàn ông trèo lên cao trên cần cẩu với một chiếc đĩa vệ tinh. Ông ta gọi trên chiếc radio nhỏ của mình tên 'Astrid'. Có vẻ như... không thành công.

Có lẽ tôi đã... chôm một trong những con búp bê của ông ta. Tên nó là 'Miranda'. Người đàn ông đã rời đi một giờ trước, sau khi hoảng loạn cả ngày vì chuyện đó! Ha! Dạo này có nhiều người kỳ lạ quá.
~Kẻ Chôm Chỉa"
Story/Varuna/Grabber6;Text;;"I would be bored these days, if the ‘motherlode’ wasn’t on the forefront of my mind. The water stole it from me. I should’ve acted sooner. 

Now there’s trouble in the way. It’s risky to deal with, but it might be worth it. The thought gnaws at me.

But it’s just one shark. How hard could it be?
~The Grabber";"Dạo này tôi sẽ chán lắm, nếu 'mỏ vàng' không cứ luẩn quẩn trong đầu tôi. Nước đã cướp nó khỏi tay tôi. Lẽ ra tôi nên hành động sớm hơn.

Giờ có rắc rối cản đường. Xử lý nó khá rủi ro, nhưng có thể đáng giá. Ý nghĩ đó cứ gặm nhấm tôi.

Nhưng đó chỉ là một con cá mập thôi mà. Khó đến mức nào được chứ?
~Kẻ Chôm Chỉa"
Story/Varuna/Voiceline/Grabber1_1;Text;;Varuna Point has all too many holes in it. Makes it easy to move unnoticed.;Mũi Varuna có quá nhiều lỗ hổng. Điều đó khiến việc di chuyển không bị chú ý trở nên dễ dàng.
Story/Varuna/Voiceline/Grabber1_2;Text;;Today I nicked a hammer. Yesterday I took some dried meat from the foreman’s stash.;Hôm nay tôi chôm được một cái búa. Hôm qua tôi lấy ít thịt khô từ kho của quản đốc.
Story/Varuna/Voiceline/Grabber1_3;Text;;It’s less fun taking food, since it spoils, eventually. ;Lấy đồ ăn thì bớt thú vị hơn, vì cuối cùng nó cũng hỏng.
Story/Varuna/Voiceline/Grabber1_4;Text;;The watch I got from the loud-mouthed driller was way more exciting.;Chiếc đồng hồ tôi lấy từ tay thợ khoan mồm to thú vị hơn nhiều.
Story/Varuna/Voiceline/Grabber1_5;Text;;I want to grab something even better tonight.;Tối nay tôi muốn chôm được thứ gì đó còn hay hơn nữa.
Story/Varuna/Voiceline/Grabber2_1;Text;;I heard them talking about me this morning. They call me the Grabber. It’s growing on me.;Sáng nay tôi nghe họ nói về mình. Họ gọi tôi là Kẻ Chôm Chỉa. Cái tên này đang dần thấy hợp.
Story/Varuna/Voiceline/Grabber2_2;Text;;I moved my cache. It’s higher up now, on the new floor. Right under their noses.;Tôi đã dời kho giấu đồ. Giờ nó ở cao hơn, trên tầng mới. Ngay dưới mũi họ.
Story/Varuna/Voiceline/Grabber2_3;Text;;The foreman complained about the lack of cameras. Ha! Like that’d matter.;Quản đốc than phiền về việc thiếu camera. Ha! Cứ như thể điều đó quan trọng vậy.
Story/Varuna/Voiceline/Grabber2_4;Text;;I wouldn’t get caught even if the walls had eyes. I’m starting to get good at this.;Dù tường có mắt tôi cũng không bị bắt. Tôi đang dần giỏi việc này rồi đấy.
Story/Varuna/Voiceline/Grabber3_1;Text;;"We don’t work on new floors anymore. Everyone is scared of ""the Grabber"".";"Chúng tôi không còn làm việc ở các tầng mới nữa. Mọi người đều sợ ""Kẻ Chôm Chỉa""."
Story/Varuna/Voiceline/Grabber3_2;Text;;There’s talk about leaving before ''the water gets even higher''. ;"Có tin đồn về việc rời đi trước khi ""nước dâng cao hơn nữa""."
Story/Varuna/Voiceline/Grabber3_3;Text;;Leaving for that other construction project, the one taken over by rafters.;Rời đi đến công trình xây dựng khác, cái đã bị người lái bè chiếm lấy.
Story/Varuna/Voiceline/Grabber3_4;Text;;They call it Utopia. Ha! The only utopia I need is right here! I’ve started to secure the tower.;Họ gọi nó là Utopia. Ha! Utopia duy nhất tôi cần chính là ở đây! Tôi đã bắt đầu củng cố tòa tháp.
Story/Varuna/Voiceline/Grabber3_5;Text;;As long as I live no one will claim my treasure. No one will reach my nest!;Chừng nào tôi còn sống, không ai sẽ chiếm được kho báu của tôi. Không ai sẽ đến được tổ của tôi!
Story/Varuna/Voiceline/Grabber4_1;Text;;When people come by they don’t stay for long. Why? Probably because I keep stealing their stuff…;Khi mọi người ghé qua họ không ở lại lâu. Tại sao? Chắc vì tôi cứ chôm đồ của họ...
Story/Varuna/Voiceline/Grabber4_2;Text;;Today it was a man named Ruben and a boy named Detto.;Hôm nay là một người đàn ông tên Ruben và một cậu bé tên Detto.
Story/Varuna/Voiceline/Grabber4_3;Text;;They were caught in a storm and needed supplies. ;Họ bị mắc kẹt trong bão và cần vật tư.
Story/Varuna/Voiceline/Grabber4_4;Text;;When they fell asleep I nicked a whole set of tools. Crude stuff. But still good!;Khi họ ngủ say tôi chôm cả một bộ dụng cụ. Đồ thô sơ. Nhưng vẫn tốt!
Story/Varuna/Voiceline/Grabber4_5;Text;;In the morning they were so freaked out they sailed away immediately. Hilarious!;Buổi sáng họ hoảng sợ đến mức giong buồm đi ngay lập tức. Buồn cười quá!
Story/Varuna/Voiceline/Grabber5_1;Text;;A man talking to dolls arrived yesterday. I found his loud discussions entertaining. ;Hôm qua có một người đàn ông nói chuyện với búp bê đến đây. Tôi thấy những cuộc trò chuyện ồn ào của ông ta khá thú vị.
Story/Varuna/Voiceline/Grabber5_2;Text;;Maybe I miss company a bit too. The man climbed high up into the crane with a satellite dish.;Có lẽ tôi cũng nhớ có bạn đồng hành một chút. Người đàn ông trèo lên cao trên cần cẩu với một chiếc đĩa vệ tinh.
Story/Varuna/Voiceline/Grabber5_3;Text;;He called out on his little radio for ‘Astrid’. It looked… unsuccessful.;Ông ta gọi trên chiếc radio nhỏ của mình tên 'Astrid'. Có vẻ như... không thành công.
Story/Varuna/Voiceline/Grabber5_4;Text;;I might have… stolen one of his dolls. ‘Miranda’ is her name.;Có lẽ tôi đã... chôm một trong những con búp bê của ông ta. Tên nó là 'Miranda'.
Story/Varuna/Voiceline/Grabber5_5;Text;; The man left an hour ago, after freaking out all day over it! Ha! So many strange people these days.; Người đàn ông đã rời đi một giờ trước, sau khi hoảng loạn cả ngày vì chuyện đó! Ha! Dạo này có nhiều người kỳ lạ quá.
Story/Varuna/Voiceline/Grabber6_1;Text;;I would be bored these days, if the ‘motherlode’ wasn’t on the forefront of my mind.;Dạo này tôi sẽ chán lắm, nếu 'mỏ vàng' không cứ luẩn quẩn trong đầu tôi.
Story/Varuna/Voiceline/Grabber6_2;Text;;The water stole it from me. I should’ve acted sooner. ;Nước đã cướp nó khỏi tay tôi. Lẽ ra tôi nên hành động sớm hơn.
Story/Varuna/Voiceline/Grabber6_3;Text;;Now there’s trouble in the way. It’s risky to deal with, but it might be worth it. The thought gnaws at me.;Giờ có rắc rối cản đường. Xử lý nó khá rủi ro, nhưng có thể đáng giá. Ý nghĩ đó cứ gặm nhấm tôi.
Story/Varuna/Voiceline/Grabber6_4;Text;;But it’s just one shark. How hard could it be?;Nhưng đó chỉ là một con cá mập thôi mà. Khó đến mức nào được chứ?
Story/Vasagatan/HannesLetter1;Text;;"I heard from the captain we’re heading for one of the high-rises down south. I can only hope you come to your senses and follow us.

You knew the city was a failure, Ruben. Why do you always have to be so stubborn? 
~Hanne";"Em nghe thuyền trưởng nói chúng tôi đang hướng đến một trong những tòa nhà cao tầng phía nam. Em chỉ mong anh tỉnh táo lại và đi theo chúng tôi.

Anh biết thành phố đã thất bại rồi, Ruben. Sao anh cứ phải cứng đầu vậy?
~Hanne"
Story/Vasagatan/HannesLetter2;Text;;"Ruben,

The yacht is ill prepared for this journey. Olof left space for a dance floor, but no space for supplies. The bottles sure found their way to the bar. As a military man I thought Olof would at the very least be practical. Yet they’re all treating it like a luxury cruise.

I’m sorry, Ruben. I shouldn't have left.
~Hanne";"Ruben,

Du thuyền không được chuẩn bị tốt cho chuyến đi này. Olof để chỗ cho sàn nhảy, nhưng không có chỗ cho vật tư. Mấy chai rượu thì chắc chắn tìm được đường đến quầy bar. Là một quân nhân, em tưởng Olof ít nhất cũng thực tế. Vậy mà ai cũng coi đây như một chuyến du thuyền sang trọng.

Em xin lỗi, Ruben. Lẽ ra em không nên rời đi.
~Hanne"
Story/Vasagatan/HannesLetter3;Text;;"I saw a large rat last night… Unnervingly large. I tried telling the crew we obviously have an infestation among the locked down supplies. They laughed at me.

I miss you, Ruben.
~Hanne";"Đêm qua em thấy một con chuột to... To đến đáng sợ. Em cố nói với thủy thủ đoàn rằng rõ ràng chúng ta có sâu bệnh trong kho vật tư bị khóa. Họ cười nhạo em.

Em nhớ anh, Ruben.
~Hanne"
Story/Vasagatan/MagazineClipping1;Text;;"calling the cost of the project’s realization “borderline criminal” and its scope “outrageous, at least”. Despite vocal opposition, the Floating Cities Project does not appear to be slowing down anytime soon. According to former General Olof Wilkstrom’s latest statement on the issue:

“We are fully aware of the strain this puts on our people. Nevertheless, our options are becoming increasingly limited. We must pull through this together or join Stockholm beneath the waves.”";"gọi chi phí thực hiện dự án là ""gần như phạm pháp"" và quy mô của nó là ""quá đáng, ít nhất là vậy"". Bất chấp sự phản đối mạnh mẽ, Dự án Thành Phố Nổi dường như sẽ không chậm lại trong thời gian tới. Theo tuyên bố mới nhất của cựu Tướng Olof Wilkstrom về vấn đề này:

""Chúng tôi hoàn toàn nhận thức được áp lực mà điều này đặt lên người dân của mình. Tuy nhiên, các lựa chọn của chúng tôi ngày càng bị hạn chế. Chúng ta phải cùng nhau vượt qua điều này hoặc gia nhập Stockholm dưới lòng sóng nước."""
Story/Vasagatan/MagazineClipping2;Text;;"""We must pull through this together or join Stockholm beneath the waves.""";"""Chúng ta phải cùng nhau vượt qua điều này hoặc gia nhập Stockholm dưới lòng sóng nước."""
Story/Vasagatan/MagazineClipping3;Text;;Wilkstrom refused to comment on the rumors regarding the modification of his personal yacht. When further asked about the Floating City Project’s whistle blowers, Olof Wilkstrom chose to terminate the interview. Reaching out to these anonymous sources we were able to further corroborate -;Wilkstrom từ chối bình luận về các tin đồn liên quan đến việc cải tạo du thuyền cá nhân của ông ta. Khi được hỏi thêm về những người tố giác của Dự án Thành Phố Nổi, Olof Wilkstrom đã chọn cách kết thúc cuộc phỏng vấn. Liên hệ với các nguồn ẩn danh này, chúng tôi đã có thể xác nhận thêm rằng -
Story/Vasagatan/MagazineClippingFactbox;Text;;Factbox;Hộp thông tin
Story/Vasagatan/MagazineClippingTitle;Text;;CITIES IN THE BLUE;NHỮNG THÀNH PHỐ TRONG MÀU XANH
Story/Vasagatan/OlofsLog1;Text;;"The captain keeps complaining about my route. If he does it again he will be reprimanded. 

The crew doesn’t listen to orders. I’m shocked by their undisciplined nature. Somehow they believe rank and prestige disappeared with solid land. No, they will not be allowed to mingle among my esteemed guests. And they will certainly not be allowed further rations. 

They should be grateful. I am the only reason they are alive.
~Olof Wilkstrom";"Thuyền trưởng cứ than phiền về lộ trình của tôi. Nếu hắn làm vậy lần nữa sẽ bị khiển trách.

Thủy thủ đoàn không nghe lệnh. Tôi sốc trước bản tính vô kỷ luật của họ. Bằng cách nào đó họ tin rằng cấp bậc và danh dự đã biến mất cùng với đất liền vững chắc. Không, họ sẽ không được phép hòa lẫn với các vị khách quý của tôi. Và chắc chắn họ sẽ không được cấp thêm khẩu phần.

Họ nên biết ơn. Tôi là lý do duy nhất họ còn sống.
~Olof Wilkstrom"
Story/Vasagatan/OlofsLog2;Text;;"As I’ve suspected the crew is completely incompetent. Now they’re claiming RATS have eaten half of our supplies in a matter of weeks. I promised them increased rations if they could bring me one of these ridiculous ‘lurkers’ alive.

Of course, the food shortage will need to be handled. Tonight we’re discussing which staff members are most suitable for termination.
~Olof Wilkstrom";"Đúng như tôi nghi ngờ, thủy thủ đoàn hoàn toàn bất tài. Giờ họ lại tuyên bố CHUỘT đã ăn hết một nửa vật tư của chúng tôi chỉ trong vài tuần. Tôi hứa sẽ tăng khẩu phần nếu họ mang được cho tôi một trong những con 'lurker' lố bịch đó còn sống.

Tất nhiên, tình trạng thiếu lương thực sẽ cần được xử lý. Tối nay chúng tôi sẽ bàn xem nhân viên nào phù hợp nhất để sa thải.
~Olof Wilkstrom"
Story/Vasagatan/OlofsLog3;Text;;"These ‘lurkers’ have potential. They were clearly once rats, now grown into something much more rabid. Yet also smarter.

I’ve already made progress on their training. With food and pain as incentives I can discipline them. And by sharing their blood the mutations increase. I wonder if another species would react the same? I’ve received a transmission from a place called Caravan Town not far from here.

They have an active animal population. No longer do I need this make-shift crew. I will create true soldiers. Loyal soldiers.
~Olof Wilkstrom";"Những con 'lurker' này có tiềm năng. Rõ ràng chúng từng là chuột, giờ đã lớn lên thành thứ gì đó điên cuồng hơn nhiều. Nhưng cũng thông minh hơn.

Tôi đã có tiến triển trong việc huấn luyện chúng. Với thức ăn và đau đớn làm động lực, tôi có thể kỷ luật chúng. Và bằng cách chia sẻ máu của chúng, đột biến sẽ tăng lên. Tôi tự hỏi liệu loài khác có phản ứng tương tự không? Tôi vừa nhận được một tín hiệu từ một nơi gọi là Caravan Town không xa đây.

Họ có quần thể động vật đang hoạt động. Tôi không còn cần thủy thủ đoàn tạm bợ này nữa. Tôi sẽ tạo ra những chiến binh thực thụ. Những chiến binh trung thành.
~Olof Wilkstrom"
Story/Vasagatan/Recording1;Text;;"(Transcribed)
(Hanne) - “But what does that mean? You can’t just fire them. We’re out at sea!”
(Olof) - “Hanne, you were brought to keep the engines running. That is what you-” 
(Lurker) - *Rabid noises.*
(Hanne) - “That’s one of those damn rats! What are you doing to it?”
(Olof) - “Get out. Do your job.”";"(Đã chép lại)
(Hanne) - ""Nhưng điều đó có nghĩa là gì? Ông không thể chỉ sa thải họ. Chúng ta đang ở giữa biển khơi!""
(Olof) - ""Hanne, cô được đưa đến đây để giữ động cơ hoạt động. Đó là việc mà cô-""
(Lurker) - *Tiếng gầm gừ điên loạn.*
(Hanne) - ""Đó là một trong những con chuột chết tiệt đó! Ông đang làm gì với nó vậy?""
(Olof) - ""Ra ngoài. Làm việc của cô đi."""
Story/Vasagatan/Recording2;Text;;"(Transcribed)
(Captain) - *Knocking* “Wilkstrom, it’s urgent. There’s mist now. We don’t know how far the water’s risen. The maps are useless. We need to-”
(Olof) - “The crew are planning a mutiny, Captain. It is time to act.”
(Captain) - “A mutiny? They’re just trying to stay alive, I- Are you mad?”
(Olof) - “I gave you a chance to live. Now we have to protect ourselves from the masses. We will use the ‘lurkers’ to our advantage.”";"(Đã chép lại)
(Thuyền trưởng) - *Gõ cửa* ""Wilkstrom, việc khẩn cấp đây. Giờ có sương mù rồi. Chúng ta không biết nước đã dâng cao đến đâu. Bản đồ vô dụng rồi. Chúng ta cần-""
(Olof) - ""Thủy thủ đoàn đang âm mưu binh biến, Thuyền trưởng. Đến lúc hành động rồi.""
(Thuyền trưởng) - ""Binh biến? Họ chỉ đang cố sống sót thôi, tôi- Ông điên à?""
(Olof) - ""Tôi đã cho ông cơ hội sống. Giờ chúng ta phải tự bảo vệ mình khỏi đám đông. Chúng ta sẽ dùng lũ 'lurker' để có lợi thế."""
Story/Vasagatan/Recording3;Text;;"(Transcribed)
[The ship’s hull grinding against solid rock.]
(Captain) - “Get to the lifeboats! Hurry!”
(Hanne) - “Olof! You coward!”
(Lurker) - *Aggressive snarl.*
(Captain) - “Watch out!”
[Distorted screams are heard before the tape cuts off.]";"(Đã chép lại)
[Thân tàu nghiến vào đá cứng.]
(Thuyền trưởng) - ""Xuống xuồng cứu sinh! Nhanh lên!""
(Hanne) - ""Olof! Đồ hèn nhát!""
(Lurker) - *Tiếng gầm gừ hung dữ.*
(Thuyền trưởng) - ""Coi chừng!""
[Nghe thấy tiếng la hét méo mó trước khi băng ghi âm bị cắt.]"
Story/Vasagatan/Voiceline/HannesLetter1_1;Text;;I heard from the captain we’re heading for one of the high-rises down south.;Em nghe thuyền trưởng nói chúng tôi đang hướng đến một trong những tòa nhà cao tầng phía nam.
Story/Vasagatan/Voiceline/HannesLetter1_2;Text;;I can only hope you come to your senses and follow us. You knew the city was a failure, Ruben.;Em chỉ mong anh tỉnh táo lại và đi theo chúng tôi. Anh biết thành phố đã thất bại rồi, Ruben.
Story/Vasagatan/Voiceline/HannesLetter1_3;Text;;Why do you always have to be so stubborn? ;Sao anh cứ phải cứng đầu vậy?
Story/Vasagatan/Voiceline/HannesLetter2_1;Text;;Ruben, The yacht is ill prepared for this journey.;Ruben, Du thuyền không được chuẩn bị tốt cho chuyến đi này.
Story/Vasagatan/Voiceline/HannesLetter2_2;Text;;Olof left space for a dance floor, but no space for supplies. ;Olof để chỗ cho sàn nhảy, nhưng không có chỗ cho vật tư.
Story/Vasagatan/Voiceline/HannesLetter2_3;Text;;The bottles sure found their way to the bar. ;Mấy chai rượu thì chắc chắn tìm được đường đến quầy bar.
Story/Vasagatan/Voiceline/HannesLetter2_4;Text;;As a military man I thought Olof would at the very least be practical.;Là một quân nhân, em tưởng Olof ít nhất cũng thực tế.
Story/Vasagatan/Voiceline/HannesLetter2_5;Text;;Yet they’re all treating it like a luxury cruise.;Vậy mà ai cũng coi đây như một chuyến du thuyền sang trọng.
Story/Vasagatan/Voiceline/HannesLetter2_6;Text;;I’m sorry, Ruben. I shouldn't have left.;Em xin lỗi, Ruben. Lẽ ra em không nên rời đi.
Story/Vasagatan/Voiceline/HannesLetter3_1;Text;;I saw a large rat last night… Unnervingly large. ;Đêm qua em thấy một con chuột to... To đến đáng sợ.
Story/Vasagatan/Voiceline/HannesLetter3_2;Text;;I tried telling the crew we obviously have an infestation among the locked down supplies.;Em cố nói với thủy thủ đoàn rằng rõ ràng chúng ta có sâu bệnh trong kho vật tư bị khóa.
Story/Vasagatan/Voiceline/HannesLetter3_3;Text;;They laughed at me. I miss you, Ruben.;Họ cười nhạo em. Em nhớ anh, Ruben.
Story/Vasagatan/Voiceline/MagazineClipping1_1;Text;;calling the cost of the project’s realization “borderline criminal” and its scope “outrageous, at least”;"gọi chi phí thực hiện dự án là ""gần như phạm pháp"" và quy mô của nó là ""quá đáng, ít nhất là vậy"""
Story/Vasagatan/Voiceline/MagazineClipping1_2;Text;;Despite vocal opposition, the Floating Cities Project does not appear to be slowing down anytime soon. ;Bất chấp sự phản đối mạnh mẽ, Dự án Thành Phố Nổi dường như sẽ không chậm lại trong thời gian tới.
Story/Vasagatan/Voiceline/MagazineClipping1_3;Text;;According to former General Olof Wilkstrom’s latest statement on the issue:;Theo tuyên bố mới nhất của cựu Tướng Olof Wilkstrom về vấn đề này:
Story/Vasagatan/Voiceline/MagazineClipping1_4;Text;;“We are fully aware of the strain this puts on our people. ;"""Chúng tôi hoàn toàn nhận thức được áp lực mà điều này đặt lên người dân của mình."
Story/Vasagatan/Voiceline/MagazineClipping1_5;Text;;Nevertheless, our options are becoming increasingly limited. ;Tuy nhiên, các lựa chọn của chúng tôi ngày càng bị hạn chế.
Story/Vasagatan/Voiceline/MagazineClipping1_6;Text;;We must pull through this together or join Stockholm beneath the waves.”;"Chúng ta phải cùng nhau vượt qua điều này hoặc gia nhập Stockholm dưới lòng sóng nước."""
Story/Vasagatan/Voiceline/MagazineClipping1_7;Text;;Wilkstrom refused to comment on the rumors regarding the modification of his personal yacht. ;Wilkstrom từ chối bình luận về các tin đồn liên quan đến việc cải tạo du thuyền cá nhân của ông ta.
Story/Vasagatan/Voiceline/MagazineClipping1_8;Text;;When further asked about the Floating City Project’s whistle blowers, Olof Wilkstrom chose to terminate the interview. ;Khi được hỏi thêm về những người tố giác của Dự án Thành Phố Nổi, Olof Wilkstrom đã chọn cách kết thúc cuộc phỏng vấn.
Story/Vasagatan/Voiceline/MagazineClipping1_9;Text;;Reaching out to these anonymous sources we were able to further corroborate -;Liên hệ với các nguồn ẩn danh này, chúng tôi đã có thể xác nhận thêm rằng -
Story/Vasagatan/Voiceline/OlofsLog1_1;Text;;The captain keeps complaining about my route. If he does it again he will be reprimanded. ;Thuyền trưởng cứ than phiền về lộ trình của tôi. Nếu hắn làm vậy lần nữa sẽ bị khiển trách.
Story/Vasagatan/Voiceline/OlofsLog1_2;Text;;The crew doesn’t listen to orders. I’m shocked by their undisciplined nature. ;Thủy thủ đoàn không nghe lệnh. Tôi sốc trước bản tính vô kỷ luật của họ.
Story/Vasagatan/Voiceline/OlofsLog1_3;Text;;Somehow they believe rank and prestige disappeared with solid land. ;Bằng cách nào đó họ tin rằng cấp bậc và danh dự đã biến mất cùng với đất liền vững chắc.
Story/Vasagatan/Voiceline/OlofsLog1_4;Text;;No, they will not be allowed to mingle among my esteemed guests. ;Không, họ sẽ không được phép hòa lẫn với các vị khách quý của tôi.
Story/Vasagatan/Voiceline/OlofsLog1_5;Text;;And they will certainly not be allowed further rations. ;Và chắc chắn họ sẽ không được cấp thêm khẩu phần.
Story/Vasagatan/Voiceline/OlofsLog1_6;Text;;They should be grateful. I am the only reason they are alive.;Họ nên biết ơn. Tôi là lý do duy nhất họ còn sống.
Story/Vasagatan/Voiceline/OlofsLog2_1;Text;;As I’ve suspected the crew is completely incompetent. ;Đúng như tôi nghi ngờ, thủy thủ đoàn hoàn toàn bất tài.
Story/Vasagatan/Voiceline/OlofsLog2_2;Text;;Now they’re claiming RATS have eaten half of our supplies in a matter of weeks. ;Giờ họ lại tuyên bố CHUỘT đã ăn hết một nửa vật tư của chúng tôi chỉ trong vài tuần.
Story/Vasagatan/Voiceline/OlofsLog2_3;Text;;I promised them increased rations if they could bring me one of these ridiculous ‘lurkers’ alive.;Tôi hứa sẽ tăng khẩu phần nếu họ mang được cho tôi một trong những con 'lurker' lố bịch đó còn sống.
Story/Vasagatan/Voiceline/OlofsLog2_4;Text;;Of course, the food shortage will need to be handled. ;Tất nhiên, tình trạng thiếu lương thực sẽ cần được xử lý.
Story/Vasagatan/Voiceline/OlofsLog2_5;Text;;Tonight we’re discussing which staff members are most suitable for termination.;Tối nay chúng tôi sẽ bàn xem nhân viên nào phù hợp nhất để sa thải.
Story/Vasagatan/Voiceline/OlofsLog3_1;Text;;These ‘lurkers’ have potential.;Những con 'lurker' này có tiềm năng.
Story/Vasagatan/Voiceline/OlofsLog3_2;Text;;They were clearly once rats, now grown into something much more rabid. Yet also smarter.;Rõ ràng chúng từng là chuột, giờ đã lớn lên thành thứ gì đó điên cuồng hơn nhiều. Nhưng cũng thông minh hơn.
Story/Vasagatan/Voiceline/OlofsLog3_3;Text;;I’ve already made progress on their training. With food and pain as incentives I can discipline them. ;Tôi đã có tiến triển trong việc huấn luyện chúng. Với thức ăn và đau đớn làm động lực, tôi có thể kỷ luật chúng.
Story/Vasagatan/Voiceline/OlofsLog3_4;Text;;And by sharing their blood the mutations increase. I wonder if another species would react the same?;Và bằng cách chia sẻ máu của chúng, đột biến sẽ tăng lên. Tôi tự hỏi liệu loài khác có phản ứng tương tự không?
Story/Vasagatan/Voiceline/OlofsLog3_5;Text;;I’ve received a transmission from a place called Caravan Town not far from here.;Tôi vừa nhận được một tín hiệu từ một nơi gọi là Caravan Town không xa đây.
Story/Vasagatan/Voiceline/OlofsLog3_6;Text;;They have an active animal population. No longer do I need this make-shift crew. I will create true soldiers. Loyal soldiers.;Họ có quần thể động vật đang hoạt động. Tôi không còn cần thủy thủ đoàn tạm bợ này nữa. Tôi sẽ tạo ra những chiến binh thực thụ. Những chiến binh trung thành.
Story/Vasagatan/Voiceline/Recording1_1;Text;;(Hanne) - “But what does that mean? You can’t just fire them. We’re out at sea!”;"(Hanne) - ""Nhưng điều đó có nghĩa là gì? Ông không thể chỉ sa thải họ. Chúng ta đang ở giữa biển khơi!"""
Story/Vasagatan/Voiceline/Recording1_2;Text;;(Olof) - “Hanne, you were brought to keep the engines running. That is what you-” ;"(Olof) - ""Hanne, cô được đưa đến đây để giữ động cơ hoạt động. Đó là việc mà cô-"""
Story/Vasagatan/Voiceline/Recording1_3;Text;;(Lurker) - *Rabid noises.*;(Lurker) - *Tiếng gầm gừ điên loạn.*
Story/Vasagatan/Voiceline/Recording1_4;Text;;(Hanne) - “That’s one of those damn rats! What… what are you doing to it?”;"(Hanne) - ""Đó là một trong những con chuột chết tiệt đó! Ông... ông đang làm gì với nó vậy?"""
Story/Vasagatan/Voiceline/Recording1_5;Text;;(Olof) - “Get out. Do your job.”;"(Olof) - ""Ra ngoài. Làm việc của cô đi."""
Story/Vasagatan/Voiceline/Recording2_1;Text;;(Captain) - *Knocking* “Wilkstrom, it’s urgent. There’s mist now. We don’t know how far the water’s risen. The maps are useless. We need to-”;"(Thuyền trưởng) - *Gõ cửa* ""Wilkstrom, việc khẩn cấp đây. Giờ có sương mù rồi. Chúng ta không biết nước đã dâng cao đến đâu. Bản đồ vô dụng rồi. Chúng ta cần-"""
Story/Vasagatan/Voiceline/Recording2_2;Text;;(Olof) - “The crew are planning a mutiny, Captain. It is time to act.”;"(Olof) - ""Thủy thủ đoàn đang âm mưu binh biến, Thuyền trưởng. Đến lúc hành động rồi."""
Story/Vasagatan/Voiceline/Recording2_3;Text;;(Captain) - “A mutiny? They’re just trying to stay alive, I- Are you mad?”;"(Thuyền trưởng) - ""Binh biến? Họ chỉ đang cố sống sót thôi, tôi- Ông điên à?"""
Story/Vasagatan/Voiceline/Recording2_4;Text;;(Olof) - “I gave you a chance to live. Now we have to protect ourselves from the masses. We will use the ‘lurkers’ to our advantage.”;"(Olof) - ""Tôi đã cho ông cơ hội sống. Giờ chúng ta phải tự bảo vệ mình khỏi đám đông. Chúng ta sẽ dùng lũ 'lurker' để có lợi thế."""
Story/Vasagatan/Voiceline/Recording3_1;Text;;[The ship’s hull grinding against solid rock.];[Thân tàu nghiến vào đá cứng.]
Story/Vasagatan/Voiceline/Recording3_2;Text;;(Captain) - “Get to the lifeboats! Hurry!”;"(Thuyền trưởng) - ""Xuống xuồng cứu sinh! Nhanh lên!"""
Story/Vasagatan/Voiceline/Recording3_3;Text;;(Hanne) - “Olof! You coward!”;"(Hanne) - ""Olof! Đồ hèn nhát!"""
Story/Vasagatan/Voiceline/Recording3_4;Text;;(Lurker) - *Aggressive snarl.*;(Lurker) - *Tiếng gầm gừ hung dữ.*
Story/Vasagatan/Voiceline/Recording3_5;Text;;(Captain) - “Watch out!”;"(Thuyền trưởng) - ""Coi chừng!"""
Story/Vasagatan/Voiceline/Recording3_6;Text;;[Distorted screams are heard before the tape cuts off.];[Nghe thấy tiếng la hét méo mó trước khi băng ghi âm bị cắt.]
Story/X/Voiceline/BikerDialog1;Text;;Buddy! Yeah, could you be an angel and help me out a bit? I’d owe you big time!;Bạn ơi! Ừ, bạn có thể làm thiên thần giúp tôi một chút không? Tôi sẽ nợ bạn lớn đấy!
Story/X/Voiceline/BikerDialog2;Text;;Oh man! I would’ve been a goner without you. Tip for future me: bears are NOT cuddly!;Trời ơi! Nếu không có bạn chắc tôi tiêu rồi. Lời khuyên cho tôi sau này: gấu KHÔNG dễ thương đâu!
Story/X/Voiceline/BikerDialog3;Text;;Say, you wouldn’t be a rafter, would ya? If ya need some muscle onboard, look no further!;Này, bạn không phải người lái bè à? Nếu cần thêm cơ bắp trên tàu, khỏi tìm đâu xa!
Story/X/Voiceline/BikerDialog4;Text;;Alright, yeah! Leave the heavy lifting to me!;Được rồi, ừ! Để việc nặng cho tôi lo!
Story/X/Voiceline/BikerDialogue1;Text;;Buddy! Yeah, could you be an angel and help me out a bit? I’d owe you big time!;Bạn ơi! Ừ, bạn có thể làm thiên thần giúp tôi một chút không? Tôi sẽ nợ bạn lớn đấy!
Story/X/Voiceline/BikerDialogue2;Text;;Oh man! I would’ve been a goner without you. Tip for future me: bears are NOT cuddly!;Trời ơi! Nếu không có bạn chắc tôi tiêu rồi. Lời khuyên cho tôi sau này: gấu KHÔNG dễ thương đâu!
Story/X/Voiceline/BikerDialogue3;Text;;Say, you wouldn’t be a rafter, would ya? If ya need some muscle onboard, look no further!;Này, bạn không phải người lái bè à? Nếu cần thêm cơ bắp trên tàu, khỏi tìm đâu xa!
Story/X/Voiceline/BikerDialogue4;Text;;Alright, yeah! Leave the heavy lifting to me!;Được rồi, ừ! Để việc nặng cho tôi lo!
Story/X/Voiceline/BikerDialogue5;Text;;Ain’t nothing like the fresh breeze. Reminds me of the road trips me and the boys used to go on.;Không gì bằng làn gió trong lành. Nhắc tôi nhớ những chuyến đi đường dài tôi và mấy đứa bạn từng đi.
Story/X/Voiceline/ExecutiveDialog1;Text;;You there. Get me out of this thing.;Này bạn. Đưa tôi ra khỏi cái thứ này.
Story/X/Voiceline/ExecutiveDialog2;Text;;Finally. I thought I’d be stuck here forever.;Cuối cùng. Tôi tưởng mình sẽ mắc kẹt ở đây mãi mãi.
Story/X/Voiceline/ExecutiveDialog3;Text;;I tried to leave when the first shots were fired. Tangaroa was doomed from the start.;Tôi đã cố rời đi khi phát súng đầu tiên vang lên. Tangaroa đã định sẵn sẽ thất bại ngay từ đầu.
Story/X/Voiceline/ExecutiveDialog4;Text;;If you get me a ride out of here I can offer you entrepreneurial consulting.;Nếu bạn cho tôi đi nhờ ra khỏi đây, tôi có thể tư vấn kinh doanh cho bạn.
Story/X/Voiceline/ExecutiveDialog5;Text;;Plus I did some sailing in my youth. Won a few championships. I’ll be useful.;Ngoài ra, hồi trẻ tôi cũng từng đi thuyền buồm. Thắng vài giải vô địch. Tôi sẽ hữu ích thôi.
Story/X/Voiceline/ExecutiveDialog6;Text;;Wonderful. You can count on me.;Tuyệt vời. Bạn có thể tin tưởng tôi.
Story/X/Voiceline/ExecutiveDialogue1;Text;;You there. Get me out of this thing.;Này bạn. Đưa tôi ra khỏi cái thứ này.
Story/X/Voiceline/ExecutiveDialogue2;Text;;Thanks! Next time I would appreciate a heads up before launching.;Cảm ơn! Lần sau tôi mong được báo trước khi khởi hành.
Story/X/Voiceline/ExecutiveDialogue3;Text;;I tried to leave when the first shots were fired. Tangaroa was doomed from the start.;Tôi đã cố rời đi khi phát súng đầu tiên vang lên. Tangaroa đã định sẵn sẽ thất bại ngay từ đầu.
Story/X/Voiceline/ExecutiveDialogue4;Text;;If you get me a ride out of here I can offer you entrepreneurial consulting.;Nếu bạn cho tôi đi nhờ ra khỏi đây, tôi có thể tư vấn kinh doanh cho bạn.
Story/X/Voiceline/ExecutiveDialogue5;Text;;Plus I did some sailing in my youth. Won a few championships. I’ll be useful.;Ngoài ra, hồi trẻ tôi cũng từng đi thuyền buồm. Thắng vài giải vô địch. Tôi sẽ hữu ích thôi.
Story/X/Voiceline/ExecutiveDialogue6;Text;;Wonderful. You can count on me.;Tuyệt vời. Bạn có thể tin tưởng tôi.
Story/X/Voiceline/ExecutiveDialogue7;Text;;They definitely covered up the food shortage. This whole project was a mess. I would have done it much better.;Họ chắc chắn đã che giấu tình trạng thiếu lương thực. Cả dự án này là một mớ hỗn độn. Tôi mà làm chắc chắn tốt hơn nhiều.
Story/X/Voiceline/MechanicDialog1;Text;;Hey, a friendly face!;Này, một gương mặt thân thiện!
Story/X/Voiceline/MechanicDialog2;Text;;Wondering how I ended up here? Long story. Really, really long story.;Thắc mắc sao tôi lại ở đây à? Chuyện dài lắm. Thật sự, thật sự rất dài.
Story/X/Voiceline/MechanicDialog3;Text;;Anyway, nice raft. If you need any repairs done, let me know.;Dù sao thì, bè đẹp đấy. Nếu cần sửa chữa gì, cứ nói tôi biết.
Story/X/Voiceline/MechanicDialog4;Text;;I’ve sort of ended up as a maritime expert. Mainly due to the world sinking.;Tôi kiểu như đã trở thành chuyên gia hàng hải rồi. Chủ yếu là do thế giới đang chìm dần.
Story/X/Voiceline/MechanicDialog5;Text;;Awesome, let’s head out!;Tuyệt vời, lên đường thôi!
Story/X/Voiceline/MechanicDialogue1;Text;;Hey, a friendly face!;Này, một gương mặt thân thiện!
Story/X/Voiceline/MechanicDialogue2;Text;;Wondering how I ended up here? Long story. Really, really long story.;Thắc mắc sao tôi lại ở đây à? Chuyện dài lắm. Thật sự, thật sự rất dài.
Story/X/Voiceline/MechanicDialogue3;Text;;Anyway, nice raft. If you need any repairs done, let me know.;Dù sao thì, bè đẹp đấy. Nếu cần sửa chữa gì, cứ nói tôi biết.
Story/X/Voiceline/MechanicDialogue4;Text;;I’ve sort of ended up as a maritime expert. Mainly due to the world sinking.;Tôi kiểu như đã trở thành chuyên gia hàng hải rồi. Chủ yếu là do thế giới đang chìm dần.
Story/X/Voiceline/MechanicDialogue5;Text;;Awesome, let’s head out!;Tuyệt vời, lên đường thôi!
Story/X/Voiceline/MechanicDialogue6;Text;;Would getting a forty five degree angle be possible? Sure. Maybe. Annoying? Yeah.;Làm được góc bốn mươi lăm độ không? Được. Có lẽ. Phiền không? Ừ.
Story/X/Voiceline/ScientistDialog1;Text;;[Heavy coughing followed by deep breath.];[Ho nặng tiếng, sau đó hít một hơi thật sâu.]
Story/X/Voiceline/ScientistDialog2;Text;;Good morning!;Chào buổi sáng!
Story/X/Voiceline/ScientistDialog3;Text;;Wait, you’re not- oh. I get it. They left me here. Wow.;Khoan, bạn không phải- ồ. Tôi hiểu rồi. Họ bỏ tôi lại đây. Chà.
Story/X/Voiceline/ScientistDialog4;Text;;Thanks for waking me up. Long term cryosleep can result in a number of issues.;Cảm ơn đã đánh thức tôi. Ngủ đông dài hạn có thể gây ra nhiều vấn đề.
Story/X/Voiceline/ScientistDialog5;Text;;So… you got room for a bio-engineer? I swear it’s actually practical.;Vậy... bạn có chỗ cho một kỹ sư sinh học không? Tôi thề là nó thực sự hữu dụng.
Story/X/Voiceline/ScientistDialog6;Text;;Great! That’s very nice of you. I’ll do my best!;Tuyệt! Bạn thật tốt bụng. Tôi sẽ cố gắng hết sức!
Story/X/Voiceline/ScientistDialogue1;Text;;[Heavy coughing followed by deep breath.];[Ho nặng tiếng, sau đó hít một hơi thật sâu.]
Story/X/Voiceline/ScientistDialogue2;Text;;Good morning!;Chào buổi sáng!
Story/X/Voiceline/ScientistDialogue3;Text;;Wait, you’re not- oh. I get it. They left me here. Wow.;Khoan, bạn không phải- ồ. Tôi hiểu rồi. Họ bỏ tôi lại đây. Chà.
Story/X/Voiceline/ScientistDialogue4;Text;;Thanks for waking me up. Long term cryosleep can result in a number of issues.;Cảm ơn đã đánh thức tôi. Ngủ đông dài hạn có thể gây ra nhiều vấn đề.
Story/X/Voiceline/ScientistDialogue5;Text;;So… you got room for a bio-engineer? I swear it’s actually practical.;Vậy... bạn có chỗ cho một kỹ sư sinh học không? Tôi thề là nó thực sự hữu dụng.
Story/X/Voiceline/ScientistDialogue6;Text;;Great! That’s very nice of you. I’ll do my best!;Tuyệt! Bạn thật tốt bụng. Tôi sẽ cố gắng hết sức!
Story/X/Voiceline/ScientistDialogue7;Text;;The reactor is working? Sparrow, you actually did it. Wow. Good job.;Lò phản ứng hoạt động rồi sao? Sparrow, cậu thực sự đã làm được. Chà. Làm tốt lắm.
You're not friends with the host.;Text;;Nobody can join;Bạn không phải là bạn bè với chủ phòng
